groupMetadataID,time,cameraId,containLights,trafficLight,trafficLightDebug.distanceToStopLine
58263e34-a45c-11ee-88ec-eb6a8d5269b4,1694450549147418117,CAMERA_FRONT_LONG,,,
58263e34-a45c-11ee-88ec-eb6a8d5269b4,1694450549343803320,CAMERA_FRONT_LONG,,,
58263e34-a45c-11ee-88ec-eb6a8d5269b4,1694450549542397034,CAMERA_FRONT_LONG,,,
58263e34-a45c-11ee-88ec-eb6a8d5269b4,1694450549744095132,CAMERA_FRONT_LONG,,,
58263e34-a45c-11ee-88ec-eb6a8d5269b4,1694450549943334526,CAMERA_FRONT_LONG,,,
58263e34-a45c-11ee-88ec-eb6a8d5269b4,1694450550143704747,CAMERA_FRONT_LONG,,,
58263e34-a45c-11ee-88ec-eb6a8d5269b4,1694450550343628481,CAMERA_FRONT_LONG,,,
58263e34-a45c-11ee-88ec-eb6a8d5269b4,1694450550543146048,CAMERA_FRONT_LONG,,,
58263e34-a45c-11ee-88ec-eb6a8d5269b4,1694450550743882049,CAMERA_FRONT_LONG,,,
58263e34-a45c-11ee-88ec-eb6a8d5269b4,1694450550943905997,CAMERA_FRONT_LONG,,,
58263e34-a45c-11ee-88ec-eb6a8d5269b4,1694450551144452663,CAMERA_FRONT_LONG,,,
58263e34-a45c-11ee-88ec-eb6a8d5269b4,1694450551344023928,CAMERA_FRONT_LONG,,,
58263e34-a45c-11ee-88ec-eb6a8d5269b4,1694450551543816341,CAMERA_FRONT_LONG,,,
58263e34-a45c-11ee-88ec-eb6a8d5269b4,1694450551743050647,CAMERA_FRONT_LONG,,,
58263e34-a45c-11ee-88ec-eb6a8d5269b4,1694450551943053572,CAMERA_FRONT_LONG,,,
58263e34-a45c-11ee-88ec-eb6a8d5269b4,1694450552143956828,CAMERA_FRONT_LONG,,,
58263e34-a45c-11ee-88ec-eb6a8d5269b4,1694450552333811322,CAMERA_FRONT_LONG,,,
58263e34-a45c-11ee-88ec-eb6a8d5269b4,1694450552534064764,CAMERA_FRONT_LONG,,,
58263e34-a45c-11ee-88ec-eb6a8d5269b4,1694450552744612052,CAMERA_FRONT_LONG,,,
58263e34-a45c-11ee-88ec-eb6a8d5269b4,1694450552935429861,CAMERA_FRONT_LONG,,,
58263e34-a45c-11ee-88ec-eb6a8d5269b4,1694450553144408417,CAMERA_FRONT_LONG,,,
58263e34-a45c-11ee-88ec-eb6a8d5269b4,1694450553344403238,CAMERA_FRONT_LONG,,,
58263e34-a45c-11ee-88ec-eb6a8d5269b4,1694450553534981837,CAMERA_FRONT_LONG,,,
58263e34-a45c-11ee-88ec-eb6a8d5269b4,1694450553733792852,CAMERA_FRONT_LONG,,,
58263e34-a45c-11ee-88ec-eb6a8d5269b4,1694450553934345890,CAMERA_FRONT_LONG,,,
58263e34-a45c-11ee-88ec-eb6a8d5269b4,1694450554134375150,CAMERA_FRONT_LONG,,,
58263e34-a45c-11ee-88ec-eb6a8d5269b4,1694450554334068970,CAMERA_FRONT_LONG,,,
58263e34-a45c-11ee-88ec-eb6a8d5269b4,1694450554533238226,CAMERA_FRONT_LONG,,,
58263e34-a45c-11ee-88ec-eb6a8d5269b4,1694450554673325629,CAMERA_FRONT_LONG,,,
58263e34-a45c-11ee-88ec-eb6a8d5269b4,1694450554874210498,CAMERA_FRONT_LONG,,,
58263e34-a45c-11ee-88ec-eb6a8d5269b4,1694450555077287482,CAMERA_FRONT_LONG,,,
58263e34-a45c-11ee-88ec-eb6a8d5269b4,1694450555273712701,CAMERA_FRONT_LONG,,,
58263e34-a45c-11ee-88ec-eb6a8d5269b4,1694450555704631093,CAMERA_FRONT_LONG,,,
58263e34-a45c-11ee-88ec-eb6a8d5269b4,1694450555904603229,CAMERA_FRONT_LONG,,,
58263e34-a45c-11ee-88ec-eb6a8d5269b4,1694450556088629744,CAMERA_FRONT_LONG,,,
58263e34-a45c-11ee-88ec-eb6a8d5269b4,1694450556274840874,CAMERA_FRONT_LONG,,,
58263e34-a45c-11ee-88ec-eb6a8d5269b4,1694450556472894368,CAMERA_FRONT_LONG,,,
58263e34-a45c-11ee-88ec-eb6a8d5269b4,1694450556673371559,CAMERA_FRONT_LONG,,,
58263e34-a45c-11ee-88ec-eb6a8d5269b4,1694450556872988311,CAMERA_FRONT_LONG,,,
58263e34-a45c-11ee-88ec-eb6a8d5269b4,1694450557075782604,CAMERA_FRONT_LONG,,,
58263e34-a45c-11ee-88ec-eb6a8d5269b4,1694450557273814088,CAMERA_FRONT_LONG,,,
58263e34-a45c-11ee-88ec-eb6a8d5269b4,1694450557473026299,CAMERA_FRONT_LONG,,,
58263e34-a45c-11ee-88ec-eb6a8d5269b4,1694450557673396400,CAMERA_FRONT_LONG,,,
58263e34-a45c-11ee-88ec-eb6a8d5269b4,1694450557834688623,CAMERA_FRONT_LONG,,,
58263e34-a45c-11ee-88ec-eb6a8d5269b4,1694450558047874260,CAMERA_FRONT_LONG,,,
58263e34-a45c-11ee-88ec-eb6a8d5269b4,1694450558232615604,CAMERA_FRONT_LONG,,,
58263e34-a45c-11ee-88ec-eb6a8d5269b4,1694450558444104325,CAMERA_FRONT_LONG,,,
58263e34-a45c-11ee-88ec-eb6a8d5269b4,1694450558634160241,CAMERA_FRONT_LONG,,,
58263e34-a45c-11ee-88ec-eb6a8d5269b4,1694450558777388855,CAMERA_FRONT_LONG,,,
58263e34-a45c-11ee-88ec-eb6a8d5269b4,1694450558974615089,CAMERA_FRONT_LONG,,,
58263e34-a45c-11ee-88ec-eb6a8d5269b4,1694450559173583811,CAMERA_FRONT_LONG,,,
58263e34-a45c-11ee-88ec-eb6a8d5269b4,1694450559559370038,CAMERA_FRONT_LONG,,,
58263e34-a45c-11ee-88ec-eb6a8d5269b4,1694450559575255867,CAMERA_FRONT_LONG,,,
58263e34-a45c-11ee-88ec-eb6a8d5269b4,1694450559775206040,CAMERA_FRONT_LONG,,,
58263e34-a45c-11ee-88ec-eb6a8d5269b4,1694450559974919062,CAMERA_FRONT_LONG,,,
58263e34-a45c-11ee-88ec-eb6a8d5269b4,1694450560173335813,CAMERA_FRONT_LONG,,,
58263e34-a45c-11ee-88ec-eb6a8d5269b4,1694450560373005077,CAMERA_FRONT_LONG,,,
58263e34-a45c-11ee-88ec-eb6a8d5269b4,1694450560573136739,CAMERA_FRONT_LONG,,,
58263e34-a45c-11ee-88ec-eb6a8d5269b4,1694450560774712347,CAMERA_FRONT_LONG,,,
58263e34-a45c-11ee-88ec-eb6a8d5269b4,1694450560974706849,CAMERA_FRONT_LONG,,,
58263e34-a45c-11ee-88ec-eb6a8d5269b4,1694450561172538444,CAMERA_FRONT_LONG,,,
58263e34-a45c-11ee-88ec-eb6a8d5269b4,1694450561374979927,CAMERA_FRONT_LONG,,,
58263e34-a45c-11ee-88ec-eb6a8d5269b4,1694450561574423851,CAMERA_FRONT_LONG,,,
58263e34-a45c-11ee-88ec-eb6a8d5269b4,1694450561774319136,CAMERA_FRONT_LONG,,,
58263e34-a45c-11ee-88ec-eb6a8d5269b4,1694450561972193472,CAMERA_FRONT_LONG,,,
58263e34-a45c-11ee-88ec-eb6a8d5269b4,1694450562175096735,CAMERA_FRONT_LONG,,,
58263e34-a45c-11ee-88ec-eb6a8d5269b4,1694450562375415565,CAMERA_FRONT_LONG,,,
58263e34-a45c-11ee-88ec-eb6a8d5269b4,1694450562574505433,CAMERA_FRONT_LONG,,,
58263e34-a45c-11ee-88ec-eb6a8d5269b4,1694450562773910838,CAMERA_FRONT_LONG,,,
58263e34-a45c-11ee-88ec-eb6a8d5269b4,1694450562973458977,CAMERA_FRONT_LONG,,,
58263e34-a45c-11ee-88ec-eb6a8d5269b4,1694450563103956866,CAMERA_FRONT_LONG,,,
58263e34-a45c-11ee-88ec-eb6a8d5269b4,1694450563303573191,CAMERA_FRONT_LONG,,,
58263e34-a45c-11ee-88ec-eb6a8d5269b4,1694450563434206433,CAMERA_FRONT_LONG,,,
58263e34-a45c-11ee-88ec-eb6a8d5269b4,1694450563634726336,CAMERA_FRONT_LONG,,,
58263e34-a45c-11ee-88ec-eb6a8d5269b4,1694450563765849738,CAMERA_FRONT_LONG,,,
58263e34-a45c-11ee-88ec-eb6a8d5269b4,1694450563963936574,CAMERA_FRONT_LONG,,,
58263e34-a45c-11ee-88ec-eb6a8d5269b4,1694450564103520894,CAMERA_FRONT_LONG,,,
58263e34-a45c-11ee-88ec-eb6a8d5269b4,1694450564303223341,CAMERA_FRONT_LONG,,,
58263e34-a45c-11ee-88ec-eb6a8d5269b4,1694450564511234839,CAMERA_FRONT_LONG,,,
58263e34-a45c-11ee-88ec-eb6a8d5269b4,1694450564706336592,CAMERA_FRONT_LONG,,,
58263e34-a45c-11ee-88ec-eb6a8d5269b4,1694450564903873141,CAMERA_FRONT_LONG,,,
58263e34-a45c-11ee-88ec-eb6a8d5269b4,1694450565064282755,CAMERA_FRONT_LONG,,,
58263e34-a45c-11ee-88ec-eb6a8d5269b4,1694450565257176306,CAMERA_FRONT_LONG,,,
58263e34-a45c-11ee-88ec-eb6a8d5269b4,1694450565416173149,CAMERA_FRONT_LONG,,,
58263e34-a45c-11ee-88ec-eb6a8d5269b4,1694450565604485868,CAMERA_FRONT_LONG,,,
58263e34-a45c-11ee-88ec-eb6a8d5269b4,1694450565805526217,CAMERA_FRONT_LONG,,,
58263e34-a45c-11ee-88ec-eb6a8d5269b4,1694450566020473426,CAMERA_FRONT_LONG,,,
58263e34-a45c-11ee-88ec-eb6a8d5269b4,1694450566163858572,CAMERA_FRONT_LONG,,,
58263e34-a45c-11ee-88ec-eb6a8d5269b4,1694450566365760557,CAMERA_FRONT_LONG,,,
58263e34-a45c-11ee-88ec-eb6a8d5269b4,1694450566562984371,CAMERA_FRONT_LONG,,,
58263e34-a45c-11ee-88ec-eb6a8d5269b4,1694450566708174668,CAMERA_FRONT_LONG,,,
58263e34-a45c-11ee-88ec-eb6a8d5269b4,1694450566906052293,CAMERA_FRONT_LONG,,,
58263e34-a45c-11ee-88ec-eb6a8d5269b4,1694450567102313735,CAMERA_FRONT_LONG,,,
58263e34-a45c-11ee-88ec-eb6a8d5269b4,1694450567304577908,CAMERA_FRONT_LONG,,,
58263e34-a45c-11ee-88ec-eb6a8d5269b4,1694450567515103869,CAMERA_FRONT_LONG,,,
58263e34-a45c-11ee-88ec-eb6a8d5269b4,1694450567708820812,CAMERA_FRONT_LONG,,,
58263e34-a45c-11ee-88ec-eb6a8d5269b4,1694450567902905203,CAMERA_FRONT_LONG,,,
58263e34-a45c-11ee-88ec-eb6a8d5269b4,1694450568104352150,CAMERA_FRONT_LONG,,,
58263e34-a45c-11ee-88ec-eb6a8d5269b4,1694450568303414128,CAMERA_FRONT_LONG,,,
58263e34-a45c-11ee-88ec-eb6a8d5269b4,1694450568510709504,CAMERA_FRONT_LONG,,,
58263e34-a45c-11ee-88ec-eb6a8d5269b4,1694450568705750647,CAMERA_FRONT_LONG,,,
58263e34-a45c-11ee-88ec-eb6a8d5269b4,1694450568959319228,CAMERA_FRONT_LONG,,,
58263e34-a45c-11ee-88ec-eb6a8d5269b4,1694450569105254711,CAMERA_FRONT_LONG,,,
58263e34-a45c-11ee-88ec-eb6a8d5269b4,1694450569303337210,CAMERA_FRONT_LONG,,,
58263e34-a45c-11ee-88ec-eb6a8d5269b4,1694450569513320875,CAMERA_FRONT_LONG,,,
58263e34-a45c-11ee-88ec-eb6a8d5269b4,1694450569707885887,CAMERA_FRONT_LONG,,,
58263e34-a45c-11ee-88ec-eb6a8d5269b4,1694450569905147697,CAMERA_FRONT_LONG,,,
58263e34-a45c-11ee-88ec-eb6a8d5269b4,1694450570105274551,CAMERA_FRONT_LONG,,,
58263e34-a45c-11ee-88ec-eb6a8d5269b4,1694450570365940903,CAMERA_FRONT_LONG,,,
58263e34-a45c-11ee-88ec-eb6a8d5269b4,1694450570564402422,CAMERA_FRONT_LONG,,,
58263e34-a45c-11ee-88ec-eb6a8d5269b4,1694450570764179762,CAMERA_FRONT_LONG,,,
58263e34-a45c-11ee-88ec-eb6a8d5269b4,1694450570963074559,CAMERA_FRONT_LONG,,,
58263e34-a45c-11ee-88ec-eb6a8d5269b4,1694450571163050894,CAMERA_FRONT_LONG,,,
58263e34-a45c-11ee-88ec-eb6a8d5269b4,1694450571365940410,CAMERA_FRONT_LONG,,,
58263e34-a45c-11ee-88ec-eb6a8d5269b4,1694450571563175978,CAMERA_FRONT_LONG,,,
58263e34-a45c-11ee-88ec-eb6a8d5269b4,1694450571763799308,CAMERA_FRONT_LONG,,,
58263e34-a45c-11ee-88ec-eb6a8d5269b4,1694450571965011042,CAMERA_FRONT_LONG,,,
58263e34-a45c-11ee-88ec-eb6a8d5269b4,1694450572164092485,CAMERA_FRONT_LONG,,,
58263e34-a45c-11ee-88ec-eb6a8d5269b4,1694450572365354191,CAMERA_FRONT_LONG,,,
58263e34-a45c-11ee-88ec-eb6a8d5269b4,1694450572563560279,CAMERA_FRONT_LONG,,,
58263e34-a45c-11ee-88ec-eb6a8d5269b4,1694450572764456596,CAMERA_FRONT_LONG,,,
58263e34-a45c-11ee-88ec-eb6a8d5269b4,1694450572964307202,CAMERA_FRONT_LONG,,,
58263e34-a45c-11ee-88ec-eb6a8d5269b4,1694450573164054577,CAMERA_FRONT_LONG,,,
58263e34-a45c-11ee-88ec-eb6a8d5269b4,1694450573364806912,CAMERA_FRONT_LONG,,,
58263e34-a45c-11ee-88ec-eb6a8d5269b4,1694450573564564122,CAMERA_FRONT_LONG,,,
58263e34-a45c-11ee-88ec-eb6a8d5269b4,1694450573804834794,CAMERA_FRONT_LONG,,,
58263e34-a45c-11ee-88ec-eb6a8d5269b4,1694450574019228493,CAMERA_FRONT_LONG,,,
58263e34-a45c-11ee-88ec-eb6a8d5269b4,1694450574203046854,CAMERA_FRONT_LONG,,,
58263e34-a45c-11ee-88ec-eb6a8d5269b4,1694450574406675461,CAMERA_FRONT_LONG,,,
58263e34-a45c-11ee-88ec-eb6a8d5269b4,1694450574595101573,CAMERA_FRONT_LONG,,,
58263e34-a45c-11ee-88ec-eb6a8d5269b4,1694450574735079071,CAMERA_FRONT_LONG,,,
58263e34-a45c-11ee-88ec-eb6a8d5269b4,1694450574933967224,CAMERA_FRONT_LONG,,,
58263e34-a45c-11ee-88ec-eb6a8d5269b4,1694450575133040799,CAMERA_FRONT_LONG,,,
58263e34-a45c-11ee-88ec-eb6a8d5269b4,1694450575335595732,CAMERA_FRONT_LONG,,,
58263e34-a45c-11ee-88ec-eb6a8d5269b4,1694450575534322245,CAMERA_FRONT_LONG,,,
58263e34-a45c-11ee-88ec-eb6a8d5269b4,1694450575734874416,CAMERA_FRONT_LONG,,,
58263e34-a45c-11ee-88ec-eb6a8d5269b4,1694450575932834188,CAMERA_FRONT_LONG,,,
58263e34-a45c-11ee-88ec-eb6a8d5269b4,1694450576066096491,CAMERA_FRONT_LONG,,,
58263e34-a45c-11ee-88ec-eb6a8d5269b4,1694450576263642443,CAMERA_FRONT_LONG,,,
58263e34-a45c-11ee-88ec-eb6a8d5269b4,1694450576395020911,CAMERA_FRONT_LONG,,,
58263e34-a45c-11ee-88ec-eb6a8d5269b4,1694450576592470544,CAMERA_FRONT_LONG,,,
58263e34-a45c-11ee-88ec-eb6a8d5269b4,1694450576732636578,CAMERA_FRONT_LONG,,,
58263e34-a45c-11ee-88ec-eb6a8d5269b4,1694450576933350278,CAMERA_FRONT_LONG,,,
58263e34-a45c-11ee-88ec-eb6a8d5269b4,1694450577135453591,CAMERA_FRONT_LONG,,,
58263e34-a45c-11ee-88ec-eb6a8d5269b4,1694450577338140308,CAMERA_FRONT_LONG,,,
58263e34-a45c-11ee-88ec-eb6a8d5269b4,1694450577534397440,CAMERA_FRONT_LONG,,,
58263e34-a45c-11ee-88ec-eb6a8d5269b4,1694450577733984482,CAMERA_FRONT_LONG,,,
58263e34-a45c-11ee-88ec-eb6a8d5269b4,1694450577933455306,CAMERA_FRONT_LONG,,,
58263e34-a45c-11ee-88ec-eb6a8d5269b4,1694450578144305305,CAMERA_FRONT_LONG,,,
58263e34-a45c-11ee-88ec-eb6a8d5269b4,1694450578258095043,CAMERA_FRONT_LONG,,,
58263e34-a45c-11ee-88ec-eb6a8d5269b4,1694450578395965641,CAMERA_FRONT_LONG,,,
58263e34-a45c-11ee-88ec-eb6a8d5269b4,1694450578593890143,CAMERA_FRONT_LONG,,,
58263e34-a45c-11ee-88ec-eb6a8d5269b4,1694450578733983274,CAMERA_FRONT_LONG,,,
58263e34-a45c-11ee-88ec-eb6a8d5269b4,1694450578933516662,CAMERA_FRONT_LONG,,,
58263e34-a45c-11ee-88ec-eb6a8d5269b4,1694450579132509345,CAMERA_FRONT_LONG,,,
58263e34-a45c-11ee-88ec-eb6a8d5269b4,1694450579334220867,CAMERA_FRONT_LONG,,,
58263e34-a45c-11ee-88ec-eb6a8d5269b4,1694450579536315534,CAMERA_FRONT_LONG,,,
58263e34-a45c-11ee-88ec-eb6a8d5269b4,1694450579734332149,CAMERA_FRONT_LONG,,,
58263e34-a45c-11ee-88ec-eb6a8d5269b4,1694450579935346575,CAMERA_FRONT_LONG,,,
58263e34-a45c-11ee-88ec-eb6a8d5269b4,1694450580134152712,CAMERA_FRONT_LONG,,,
58263e34-a45c-11ee-88ec-eb6a8d5269b4,1694450580335549422,CAMERA_FRONT_LONG,,,
58263e34-a45c-11ee-88ec-eb6a8d5269b4,1694450580534453326,CAMERA_FRONT_LONG,,,
58263e34-a45c-11ee-88ec-eb6a8d5269b4,1694450580733720802,CAMERA_FRONT_LONG,,,
58263e34-a45c-11ee-88ec-eb6a8d5269b4,1694450580932917833,CAMERA_FRONT_LONG,,,
58263e34-a45c-11ee-88ec-eb6a8d5269b4,1694450581134267290,CAMERA_FRONT_LONG,,,
58263e34-a45c-11ee-88ec-eb6a8d5269b4,1694450581295266595,CAMERA_FRONT_LONG,,,
58263e34-a45c-11ee-88ec-eb6a8d5269b4,1694450581494396983,CAMERA_FRONT_LONG,,,
58263e34-a45c-11ee-88ec-eb6a8d5269b4,1694450581694551064,CAMERA_FRONT_LONG,,,
58263e34-a45c-11ee-88ec-eb6a8d5269b4,1694450581895514629,CAMERA_FRONT_LONG,,,
58263e34-a45c-11ee-88ec-eb6a8d5269b4,1694450582095602844,CAMERA_FRONT_LONG,,,
58263e34-a45c-11ee-88ec-eb6a8d5269b4,1694450582295184385,CAMERA_FRONT_LONG,,,
58263e34-a45c-11ee-88ec-eb6a8d5269b4,1694450582494471054,CAMERA_FRONT_LONG,,,
58263e34-a45c-11ee-88ec-eb6a8d5269b4,1694450582694855133,CAMERA_FRONT_LONG,,,
58263e34-a45c-11ee-88ec-eb6a8d5269b4,1694450582895249669,CAMERA_FRONT_LONG,,,
58263e34-a45c-11ee-88ec-eb6a8d5269b4,1694450583094952170,CAMERA_FRONT_LONG,,,
58263e34-a45c-11ee-88ec-eb6a8d5269b4,1694450583292921053,CAMERA_FRONT_LONG,,,
58263e34-a45c-11ee-88ec-eb6a8d5269b4,1694450583494303169,CAMERA_FRONT_LONG,,,
58263e34-a45c-11ee-88ec-eb6a8d5269b4,1694450583696147406,CAMERA_FRONT_LONG,,,
58263e34-a45c-11ee-88ec-eb6a8d5269b4,1694450583864148446,CAMERA_FRONT_LONG,,,
58263e34-a45c-11ee-88ec-eb6a8d5269b4,1694450584063794942,CAMERA_FRONT_LONG,,,
58263e34-a45c-11ee-88ec-eb6a8d5269b4,1694450584257646707,CAMERA_FRONT_LONG,,,
58263e34-a45c-11ee-88ec-eb6a8d5269b4,1694450584465348725,CAMERA_FRONT_LONG,,,
58263e34-a45c-11ee-88ec-eb6a8d5269b4,1694450584665323815,CAMERA_FRONT_LONG,,,
58263e34-a45c-11ee-88ec-eb6a8d5269b4,1694450584862443407,CAMERA_FRONT_LONG,,,
58263e34-a45c-11ee-88ec-eb6a8d5269b4,1694450585064283224,CAMERA_FRONT_LONG,,,
58263e34-a45c-11ee-88ec-eb6a8d5269b4,1694450585195053459,CAMERA_FRONT_LONG,,,
58263e34-a45c-11ee-88ec-eb6a8d5269b4,1694450585392646281,CAMERA_FRONT_LONG,,,
58263e34-a45c-11ee-88ec-eb6a8d5269b4,1694450585593142472,CAMERA_FRONT_LONG,,,
58263e34-a45c-11ee-88ec-eb6a8d5269b4,1694450585793562583,CAMERA_FRONT_LONG,,,
58263e34-a45c-11ee-88ec-eb6a8d5269b4,1694450585994176172,CAMERA_FRONT_LONG,,,
58263e34-a45c-11ee-88ec-eb6a8d5269b4,1694450586194768806,CAMERA_FRONT_LONG,,,
58263e34-a45c-11ee-88ec-eb6a8d5269b4,1694450586339264600,CAMERA_FRONT_LONG,,,
58263e34-a45c-11ee-88ec-eb6a8d5269b4,1694450586525899942,CAMERA_FRONT_LONG,,,
58263e34-a45c-11ee-88ec-eb6a8d5269b4,1694450586724618697,CAMERA_FRONT_LONG,,,
58263e34-a45c-11ee-88ec-eb6a8d5269b4,1694450586931420016,CAMERA_FRONT_LONG,,,
58263e34-a45c-11ee-88ec-eb6a8d5269b4,1694450587125101054,CAMERA_FRONT_LONG,,,
58263e34-a45c-11ee-88ec-eb6a8d5269b4,1694450587326307380,CAMERA_FRONT_LONG,,,
58263e34-a45c-11ee-88ec-eb6a8d5269b4,1694450587614555218,CAMERA_FRONT_LONG,,,
58263e34-a45c-11ee-88ec-eb6a8d5269b4,1694450587664543499,CAMERA_FRONT_LONG,,,
58263e34-a45c-11ee-88ec-eb6a8d5269b4,1694450587864466596,CAMERA_FRONT_LONG,,,
58263e34-a45c-11ee-88ec-eb6a8d5269b4,1694450588068162323,CAMERA_FRONT_LONG,,,
58263e34-a45c-11ee-88ec-eb6a8d5269b4,1694450588257572402,CAMERA_FRONT_LONG,,,
58263e34-a45c-11ee-88ec-eb6a8d5269b4,1694450588464671230,CAMERA_FRONT_LONG,,,
58263e34-a45c-11ee-88ec-eb6a8d5269b4,1694450588663715598,CAMERA_FRONT_LONG,,,
58263e34-a45c-11ee-88ec-eb6a8d5269b4,1694450588863541172,CAMERA_FRONT_LONG,,,
58263e34-a45c-11ee-88ec-eb6a8d5269b4,1694450589063692548,CAMERA_FRONT_LONG,,,
58263e34-a45c-11ee-88ec-eb6a8d5269b4,1694450589258528902,CAMERA_FRONT_LONG,,,
58263e34-a45c-11ee-88ec-eb6a8d5269b4,1694450589395346382,CAMERA_FRONT_LONG,,,
58263e34-a45c-11ee-88ec-eb6a8d5269b4,1694450589594315268,CAMERA_FRONT_LONG,,,
58263e34-a45c-11ee-88ec-eb6a8d5269b4,1694450589792568463,CAMERA_FRONT_LONG,,,
58263e34-a45c-11ee-88ec-eb6a8d5269b4,1694450589993860099,CAMERA_FRONT_LONG,,,
58263e34-a45c-11ee-88ec-eb6a8d5269b4,1694450590193148071,CAMERA_FRONT_LONG,,,
58263e34-a45c-11ee-88ec-eb6a8d5269b4,1694450590327316238,CAMERA_FRONT_LONG,,,
58263e34-a45c-11ee-88ec-eb6a8d5269b4,1694450590524553163,CAMERA_FRONT_LONG,,,
58263e34-a45c-11ee-88ec-eb6a8d5269b4,1694450590663188588,CAMERA_FRONT_LONG,,,
58263e34-a45c-11ee-88ec-eb6a8d5269b4,1694450590864309790,CAMERA_FRONT_LONG,,,
58263e34-a45c-11ee-88ec-eb6a8d5269b4,1694450591064157414,CAMERA_FRONT_LONG,,,
58263e34-a45c-11ee-88ec-eb6a8d5269b4,1694450591273714397,CAMERA_FRONT_LONG,,,
58263e34-a45c-11ee-88ec-eb6a8d5269b4,1694450591465084752,CAMERA_FRONT_LONG,,,
58263e34-a45c-11ee-88ec-eb6a8d5269b4,1694450591663212964,CAMERA_FRONT_LONG,,,
58263e34-a45c-11ee-88ec-eb6a8d5269b4,1694450591866569254,CAMERA_FRONT_LONG,,,
58263e34-a45c-11ee-88ec-eb6a8d5269b4,1694450592065437573,CAMERA_FRONT_LONG,,,
58263e34-a45c-11ee-88ec-eb6a8d5269b4,1694450592258444541,CAMERA_FRONT_LONG,,,
58263e34-a45c-11ee-88ec-eb6a8d5269b4,1694450592462813544,CAMERA_FRONT_LONG,,,
58263e34-a45c-11ee-88ec-eb6a8d5269b4,1694450592763821270,CAMERA_FRONT_LONG,,,
58263e34-a45c-11ee-88ec-eb6a8d5269b4,1694450592964932427,CAMERA_FRONT_LONG,,,
58263e34-a45c-11ee-88ec-eb6a8d5269b4,1694450593164595390,CAMERA_FRONT_LONG,,,
58263e34-a45c-11ee-88ec-eb6a8d5269b4,1694450593364747835,CAMERA_FRONT_LONG,,,
58263e34-a45c-11ee-88ec-eb6a8d5269b4,1694450593563016781,CAMERA_FRONT_LONG,,,
58263e34-a45c-11ee-88ec-eb6a8d5269b4,1694450593762811223,CAMERA_FRONT_LONG,,,
58263e34-a45c-11ee-88ec-eb6a8d5269b4,1694450593962320582,CAMERA_FRONT_LONG,,,
58263e34-a45c-11ee-88ec-eb6a8d5269b4,1694450594162737561,CAMERA_FRONT_LONG,,,
58263e34-a45c-11ee-88ec-eb6a8d5269b4,1694450594365169491,CAMERA_FRONT_LONG,,,
58263e34-a45c-11ee-88ec-eb6a8d5269b4,1694450594562454412,CAMERA_FRONT_LONG,,,
58263e34-a45c-11ee-88ec-eb6a8d5269b4,1694450594764906915,CAMERA_FRONT_LONG,,,
58263e34-a45c-11ee-88ec-eb6a8d5269b4,1694450594965247314,CAMERA_FRONT_LONG,,,
58263e34-a45c-11ee-88ec-eb6a8d5269b4,1694450595164441080,CAMERA_FRONT_LONG,,,
58263e34-a45c-11ee-88ec-eb6a8d5269b4,1694450595364843415,CAMERA_FRONT_LONG,,,
58263e34-a45c-11ee-88ec-eb6a8d5269b4,1694450595563685458,CAMERA_FRONT_LONG,,,
58263e34-a45c-11ee-88ec-eb6a8d5269b4,1694450595765829343,CAMERA_FRONT_LONG,,,
58263e34-a45c-11ee-88ec-eb6a8d5269b4,1694450595962570237,CAMERA_FRONT_LONG,,,
58263e34-a45c-11ee-88ec-eb6a8d5269b4,1694450596163999713,CAMERA_FRONT_LONG,,,
58263e34-a45c-11ee-88ec-eb6a8d5269b4,1694450596354845272,CAMERA_FRONT_LONG,,,
58263e34-a45c-11ee-88ec-eb6a8d5269b4,1694450596493867099,CAMERA_FRONT_LONG,,,
58263e34-a45c-11ee-88ec-eb6a8d5269b4,1694450596694322765,CAMERA_FRONT_LONG,,,
58263e34-a45c-11ee-88ec-eb6a8d5269b4,1694450597172906176,CAMERA_FRONT_LONG,,,
58263e34-a45c-11ee-88ec-eb6a8d5269b4,1694450597172909542,CAMERA_FRONT_LONG,,,
58263e34-a45c-11ee-88ec-eb6a8d5269b4,1694450597293073652,CAMERA_FRONT_LONG,,,
58263e34-a45c-11ee-88ec-eb6a8d5269b4,1694450597495232752,CAMERA_FRONT_LONG,,,
58263e34-a45c-11ee-88ec-eb6a8d5269b4,1694450597694967031,CAMERA_FRONT_LONG,,,
58263e34-a45c-11ee-88ec-eb6a8d5269b4,1694450597925088594,CAMERA_FRONT_LONG,,,
58263e34-a45c-11ee-88ec-eb6a8d5269b4,1694450598123137456,CAMERA_FRONT_LONG,,,
58263e34-a45c-11ee-88ec-eb6a8d5269b4,1694450598326536406,CAMERA_FRONT_LONG,,,
58263e34-a45c-11ee-88ec-eb6a8d5269b4,1694450598525299009,CAMERA_FRONT_LONG,,,
58263e34-a45c-11ee-88ec-eb6a8d5269b4,1694450598724135613,CAMERA_FRONT_LONG,,,
58263e34-a45c-11ee-88ec-eb6a8d5269b4,1694450598923716061,CAMERA_FRONT_LONG,,,
58263e34-a45c-11ee-88ec-eb6a8d5269b4,1694450599124632645,CAMERA_FRONT_LONG,,,
58263e34-a45c-11ee-88ec-eb6a8d5269b4,1694450599324152112,CAMERA_FRONT_LONG,,,
58263e34-a45c-11ee-88ec-eb6a8d5269b4,1694450599524212794,CAMERA_FRONT_LONG,,,
58263e34-a45c-11ee-88ec-eb6a8d5269b4,1694450599724694747,CAMERA_FRONT_LONG,,,
58263e34-a45c-11ee-88ec-eb6a8d5269b4,1694450599923803385,CAMERA_FRONT_LONG,,,
58263e34-a45c-11ee-88ec-eb6a8d5269b4,1694450600058030329,CAMERA_FRONT_LONG,,,
58263e34-a45c-11ee-88ec-eb6a8d5269b4,1694450600256583550,CAMERA_FRONT_LONG,,,
58263e34-a45c-11ee-88ec-eb6a8d5269b4,1694450600455021088,CAMERA_FRONT_LONG,,,
58263e34-a45c-11ee-88ec-eb6a8d5269b4,1694450600656165607,CAMERA_FRONT_LONG,,,
58263e34-a45c-11ee-88ec-eb6a8d5269b4,1694450600860874874,CAMERA_FRONT_LONG,,,
58263e34-a45c-11ee-88ec-eb6a8d5269b4,1694450600996100250,CAMERA_FRONT_LONG,,,
58263e34-a45c-11ee-88ec-eb6a8d5269b4,1694450601194889036,CAMERA_FRONT_LONG,,,
58263e34-a45c-11ee-88ec-eb6a8d5269b4,1694450601393393011,CAMERA_FRONT_LONG,,,
58263e34-a45c-11ee-88ec-eb6a8d5269b4,1694450601594592769,CAMERA_FRONT_LONG,,,
58263e34-a45c-11ee-88ec-eb6a8d5269b4,1694450601794402045,CAMERA_FRONT_LONG,,,
58263e34-a45c-11ee-88ec-eb6a8d5269b4,1694450601994034236,CAMERA_FRONT_LONG,,,
58263e34-a45c-11ee-88ec-eb6a8d5269b4,1694450602193186973,CAMERA_FRONT_LONG,,,
58263e34-a45c-11ee-88ec-eb6a8d5269b4,1694450602395323039,CAMERA_FRONT_LONG,,,
58263e34-a45c-11ee-88ec-eb6a8d5269b4,1694450602600269874,CAMERA_FRONT_LONG,,,
58263e34-a45c-11ee-88ec-eb6a8d5269b4,1694450602753510817,CAMERA_FRONT_LONG,,,
58263e34-a45c-11ee-88ec-eb6a8d5269b4,1694450602952890651,CAMERA_FRONT_LONG,,,
58263e34-a45c-11ee-88ec-eb6a8d5269b4,1694450603093438822,CAMERA_FRONT_LONG,,,
58263e34-a45c-11ee-88ec-eb6a8d5269b4,1694450603293335040,CAMERA_FRONT_LONG,,,
58263e34-a45c-11ee-88ec-eb6a8d5269b4,1694450603493923414,CAMERA_FRONT_LONG,,,
58263e34-a45c-11ee-88ec-eb6a8d5269b4,1694450603694539301,CAMERA_FRONT_LONG,,,
58263e34-a45c-11ee-88ec-eb6a8d5269b4,1694450603902975236,CAMERA_FRONT_LONG,,,
58263e34-a45c-11ee-88ec-eb6a8d5269b4,1694450604051059605,CAMERA_FRONT_LONG,,,
58263e34-a45c-11ee-88ec-eb6a8d5269b4,1694450604225033079,CAMERA_FRONT_LONG,,,
58263e34-a45c-11ee-88ec-eb6a8d5269b4,1694450604358943415,CAMERA_FRONT_LONG,,,
58263e34-a45c-11ee-88ec-eb6a8d5269b4,1694450604557231081,CAMERA_FRONT_LONG,,,
58263e34-a45c-11ee-88ec-eb6a8d5269b4,1694450604693465169,CAMERA_FRONT_LONG,,,
58263e34-a45c-11ee-88ec-eb6a8d5269b4,1694450604893164377,CAMERA_FRONT_LONG,,,
58263e34-a45c-11ee-88ec-eb6a8d5269b4,1694450605046297667,CAMERA_FRONT_LONG,,,
58263e34-a45c-11ee-88ec-eb6a8d5269b4,1694450605223537464,CAMERA_FRONT_LONG,,,
58263e34-a45c-11ee-88ec-eb6a8d5269b4,1694450605425276304,CAMERA_FRONT_LONG,,,
58263e34-a45c-11ee-88ec-eb6a8d5269b4,1694450605622633847,CAMERA_FRONT_LONG,,,
58263e34-a45c-11ee-88ec-eb6a8d5269b4,1694450605824908159,CAMERA_FRONT_LONG,,,
58263e34-a45c-11ee-88ec-eb6a8d5269b4,1694450606050850872,CAMERA_FRONT_LONG,,,
58263e34-a45c-11ee-88ec-eb6a8d5269b4,1694450606223653608,CAMERA_FRONT_LONG,,,
58263e34-a45c-11ee-88ec-eb6a8d5269b4,1694450606548957749,CAMERA_FRONT_LONG,,,
58263e34-a45c-11ee-88ec-eb6a8d5269b4,1694450606554385485,CAMERA_FRONT_LONG,,,
58263e34-a45c-11ee-88ec-eb6a8d5269b4,1694450606695175055,CAMERA_FRONT_LONG,,,
58263e34-a45c-11ee-88ec-eb6a8d5269b4,1694450606894660938,CAMERA_FRONT_LONG,,,
58263e34-a45c-11ee-88ec-eb6a8d5269b4,1694450607048650924,CAMERA_FRONT_LONG,,,
58263e34-a45c-11ee-88ec-eb6a8d5269b4,1694450607224613495,CAMERA_FRONT_LONG,,,
58263e34-a45c-11ee-88ec-eb6a8d5269b4,1694450607484288166,CAMERA_FRONT_LONG,,,
58263e34-a45c-11ee-88ec-eb6a8d5269b4,1694450607693558311,CAMERA_FRONT_LONG,,,
58263e34-a45c-11ee-88ec-eb6a8d5269b4,1694450607896489927,CAMERA_FRONT_LONG,,,
58263e34-a45c-11ee-88ec-eb6a8d5269b4,1694450608045203819,CAMERA_FRONT_LONG,,,
58263e34-a45c-11ee-88ec-eb6a8d5269b4,1694450608224192415,CAMERA_FRONT_LONG,,,
58263e34-a45c-11ee-88ec-eb6a8d5269b4,1694450608423850779,CAMERA_FRONT_LONG,,,
58263e34-a45c-11ee-88ec-eb6a8d5269b4,1694450608623629697,CAMERA_FRONT_LONG,,,
58263e34-a45c-11ee-88ec-eb6a8d5269b4,1694450608823532983,CAMERA_FRONT_LONG,,,
58263e34-a45c-11ee-88ec-eb6a8d5269b4,1694450609049287962,CAMERA_FRONT_LONG,,,
58263e34-a45c-11ee-88ec-eb6a8d5269b4,1694450609224676196,CAMERA_FRONT_LONG,,,
58263e34-a45c-11ee-88ec-eb6a8d5269b4,1694450609423307706,CAMERA_FRONT_LONG,,,
58263e34-a45c-11ee-88ec-eb6a8d5269b4,1694450609625240867,CAMERA_FRONT_LONG,,,
58263e34-a45c-11ee-88ec-eb6a8d5269b4,1694450609825396374,CAMERA_FRONT_LONG,,,
58263e34-a45c-11ee-88ec-eb6a8d5269b4,1694450610047488218,CAMERA_FRONT_LONG,,,
58263e34-a45c-11ee-88ec-eb6a8d5269b4,1694450610225053016,CAMERA_FRONT_LONG,,,
58263e34-a45c-11ee-88ec-eb6a8d5269b4,1694450610354841355,CAMERA_FRONT_LONG,,,
58263e34-a45c-11ee-88ec-eb6a8d5269b4,1694450610553491762,CAMERA_FRONT_LONG,,,
58263e34-a45c-11ee-88ec-eb6a8d5269b4,1694450610687900260,CAMERA_FRONT_LONG,,,
58263e34-a45c-11ee-88ec-eb6a8d5269b4,1694450610884165792,CAMERA_FRONT_LONG,,,
58263e34-a45c-11ee-88ec-eb6a8d5269b4,1694450611049236806,CAMERA_FRONT_LONG,,,
58263e34-a45c-11ee-88ec-eb6a8d5269b4,1694450611225077193,CAMERA_FRONT_LONG,,,
58263e34-a45c-11ee-88ec-eb6a8d5269b4,1694450611425266188,CAMERA_FRONT_LONG,,,
58263e34-a45c-11ee-88ec-eb6a8d5269b4,1694450611625007215,CAMERA_FRONT_LONG,,,
58263e34-a45c-11ee-88ec-eb6a8d5269b4,1694450611824610826,CAMERA_FRONT_LONG,,,
58263e34-a45c-11ee-88ec-eb6a8d5269b4,1694450612051793740,CAMERA_FRONT_LONG,,,
58263e34-a45c-11ee-88ec-eb6a8d5269b4,1694450612231447269,CAMERA_FRONT_LONG,,,
58263e34-a45c-11ee-88ec-eb6a8d5269b4,1694450612422448515,CAMERA_FRONT_LONG,,,
58263e34-a45c-11ee-88ec-eb6a8d5269b4,1694450612624148571,CAMERA_FRONT_LONG,,,
58263e34-a45c-11ee-88ec-eb6a8d5269b4,1694450612824231721,CAMERA_FRONT_LONG,,,
58263e34-a45c-11ee-88ec-eb6a8d5269b4,1694450613048585702,CAMERA_FRONT_LONG,,,
58263e34-a45c-11ee-88ec-eb6a8d5269b4,1694450613223629553,CAMERA_FRONT_LONG,,,
58263e34-a45c-11ee-88ec-eb6a8d5269b4,1694450613422763517,CAMERA_FRONT_LONG,,,
58263e34-a45c-11ee-88ec-eb6a8d5269b4,1694450613622525730,CAMERA_FRONT_LONG,,,
58263e34-a45c-11ee-88ec-eb6a8d5269b4,1694450613825184545,CAMERA_FRONT_LONG,,,
58263e34-a45c-11ee-88ec-eb6a8d5269b4,1694450614044400659,CAMERA_FRONT_LONG,,,
58263e34-a45c-11ee-88ec-eb6a8d5269b4,1694450614223971812,CAMERA_FRONT_LONG,,,
58263e34-a45c-11ee-88ec-eb6a8d5269b4,1694450614424299017,CAMERA_FRONT_LONG,,,
58263e34-a45c-11ee-88ec-eb6a8d5269b4,1694450614624586196,CAMERA_FRONT_LONG,,,
58263e34-a45c-11ee-88ec-eb6a8d5269b4,1694450614823641998,CAMERA_FRONT_LONG,,,
58263e34-a45c-11ee-88ec-eb6a8d5269b4,1694450615048655149,CAMERA_FRONT_LONG,,,
58263e34-a45c-11ee-88ec-eb6a8d5269b4,1694450615225062198,CAMERA_FRONT_LONG,,,
58263e34-a45c-11ee-88ec-eb6a8d5269b4,1694450615424732364,CAMERA_FRONT_LONG,,,
58263e34-a45c-11ee-88ec-eb6a8d5269b4,1694450615677260551,CAMERA_FRONT_LONG,,,
58263e34-a45c-11ee-88ec-eb6a8d5269b4,1694450615824779170,CAMERA_FRONT_LONG,,,
58263e34-a45c-11ee-88ec-eb6a8d5269b4,1694450616045231602,CAMERA_FRONT_LONG,,,
58263e34-a45c-11ee-88ec-eb6a8d5269b4,1694450616234312879,CAMERA_FRONT_LONG,,,
58263e34-a45c-11ee-88ec-eb6a8d5269b4,1694450616427842555,CAMERA_FRONT_LONG,,,
58263e34-a45c-11ee-88ec-eb6a8d5269b4,1694450616623524465,CAMERA_FRONT_LONG,,,
58263e34-a45c-11ee-88ec-eb6a8d5269b4,1694450616824683159,CAMERA_FRONT_LONG,,,
58263e34-a45c-11ee-88ec-eb6a8d5269b4,1694450617050735065,CAMERA_FRONT_LONG,,,
58263e34-a45c-11ee-88ec-eb6a8d5269b4,1694450617224540429,CAMERA_FRONT_LONG,,,
58263e34-a45c-11ee-88ec-eb6a8d5269b4,1694450617424178498,CAMERA_FRONT_LONG,,,
58263e34-a45c-11ee-88ec-eb6a8d5269b4,1694450617854996506,CAMERA_FRONT_LONG,,,
58263e34-a45c-11ee-88ec-eb6a8d5269b4,1694450618053845174,CAMERA_FRONT_LONG,,,
58263e34-a45c-11ee-88ec-eb6a8d5269b4,1694450618254344835,CAMERA_FRONT_LONG,,,
58263e34-a45c-11ee-88ec-eb6a8d5269b4,1694450618454255224,CAMERA_FRONT_LONG,,,
58263e34-a45c-11ee-88ec-eb6a8d5269b4,1694450618654432056,CAMERA_FRONT_LONG,,,
58263e34-a45c-11ee-88ec-eb6a8d5269b4,1694450618852284887,CAMERA_FRONT_LONG,,,
58263e34-a45c-11ee-88ec-eb6a8d5269b4,1694450619060799489,CAMERA_FRONT_LONG,,,
58263e34-a45c-11ee-88ec-eb6a8d5269b4,1694450619254652246,CAMERA_FRONT_LONG,,,
58263e34-a45c-11ee-88ec-eb6a8d5269b4,1694450619453458520,CAMERA_FRONT_LONG,,,
58263e34-a45c-11ee-88ec-eb6a8d5269b4,1694450619652242341,CAMERA_FRONT_LONG,,,
58263e34-a45c-11ee-88ec-eb6a8d5269b4,1694450620054371331,CAMERA_FRONT_LONG,,,
58263e34-a45c-11ee-88ec-eb6a8d5269b4,1694450620285631221,CAMERA_FRONT_LONG,,,
58263e34-a45c-11ee-88ec-eb6a8d5269b4,1694450620485354936,CAMERA_FRONT_LONG,,,
58263e34-a45c-11ee-88ec-eb6a8d5269b4,1694450620626221507,CAMERA_FRONT_LONG,,,
58263e34-a45c-11ee-88ec-eb6a8d5269b4,1694450620833650881,CAMERA_FRONT_LONG,,,
58263e34-a45c-11ee-88ec-eb6a8d5269b4,1694450621037967404,CAMERA_FRONT_LONG,,,
58263e34-a45c-11ee-88ec-eb6a8d5269b4,1694450621225145708,CAMERA_FRONT_LONG,,,
58263e34-a45c-11ee-88ec-eb6a8d5269b4,1694450621423395960,CAMERA_FRONT_LONG,,,
58263e34-a45c-11ee-88ec-eb6a8d5269b4,1694450621654964307,CAMERA_FRONT_LONG,,,
58263e34-a45c-11ee-88ec-eb6a8d5269b4,1694450621853256563,CAMERA_FRONT_LONG,,,
58263e34-a45c-11ee-88ec-eb6a8d5269b4,1694450622064147620,CAMERA_FRONT_LONG,,,
58263e34-a45c-11ee-88ec-eb6a8d5269b4,1694450622254176075,CAMERA_FRONT_LONG,,,
58263e34-a45c-11ee-88ec-eb6a8d5269b4,1694450622453350283,CAMERA_FRONT_LONG,,,
58263e34-a45c-11ee-88ec-eb6a8d5269b4,1694450622613565953,CAMERA_FRONT_LONG,,,
58263e34-a45c-11ee-88ec-eb6a8d5269b4,1694450622825021463,CAMERA_FRONT_LONG,,,
58263e34-a45c-11ee-88ec-eb6a8d5269b4,1694450623038184696,CAMERA_FRONT_LONG,,,
58263e34-a45c-11ee-88ec-eb6a8d5269b4,1694450623213536520,CAMERA_FRONT_LONG,,,
58263e34-a45c-11ee-88ec-eb6a8d5269b4,1694450623353102099,CAMERA_FRONT_LONG,,,
58263e34-a45c-11ee-88ec-eb6a8d5269b4,1694450623553360568,CAMERA_FRONT_LONG,,,
58263e34-a45c-11ee-88ec-eb6a8d5269b4,1694450623754676374,CAMERA_FRONT_LONG,,,
58263e34-a45c-11ee-88ec-eb6a8d5269b4,1694450623954648671,CAMERA_FRONT_LONG,,,
58263e34-a45c-11ee-88ec-eb6a8d5269b4,1694450624154532444,CAMERA_FRONT_LONG,,,
58263e34-a45c-11ee-88ec-eb6a8d5269b4,1694450624454842688,CAMERA_FRONT_LONG,,,
58263e34-a45c-11ee-88ec-eb6a8d5269b4,1694450624653383729,CAMERA_FRONT_LONG,,,
58263e34-a45c-11ee-88ec-eb6a8d5269b4,1694450624853630253,CAMERA_FRONT_LONG,,,
58263e34-a45c-11ee-88ec-eb6a8d5269b4,1694450625052513177,CAMERA_FRONT_LONG,,,
58263e34-a45c-11ee-88ec-eb6a8d5269b4,1694450625254700589,CAMERA_FRONT_LONG,,,
58263e34-a45c-11ee-88ec-eb6a8d5269b4,1694450625500912313,CAMERA_FRONT_LONG,,,
58263e34-a45c-11ee-88ec-eb6a8d5269b4,1694450625653253450,CAMERA_FRONT_LONG,,,
58263e34-a45c-11ee-88ec-eb6a8d5269b4,1694450625854373356,CAMERA_FRONT_LONG,,,
58263e34-a45c-11ee-88ec-eb6a8d5269b4,1694450626055530530,CAMERA_FRONT_LONG,,,
58263e34-a45c-11ee-88ec-eb6a8d5269b4,1694450626255812882,CAMERA_FRONT_LONG,,,
58263e34-a45c-11ee-88ec-eb6a8d5269b4,1694450626415198048,CAMERA_FRONT_LONG,,,
58263e34-a45c-11ee-88ec-eb6a8d5269b4,1694450626613257383,CAMERA_FRONT_LONG,,,
58263e34-a45c-11ee-88ec-eb6a8d5269b4,1694450626753268283,CAMERA_FRONT_LONG,,,
58263e34-a45c-11ee-88ec-eb6a8d5269b4,1694450626954148272,CAMERA_FRONT_LONG,,,
58263e34-a45c-11ee-88ec-eb6a8d5269b4,1694450627154179563,CAMERA_FRONT_LONG,,,
58263e34-a45c-11ee-88ec-eb6a8d5269b4,1694450627352555805,CAMERA_FRONT_LONG,,,
58263e34-a45c-11ee-88ec-eb6a8d5269b4,1694450627553649881,CAMERA_FRONT_LONG,,,
58263e34-a45c-11ee-88ec-eb6a8d5269b4,1694450627755257740,CAMERA_FRONT_LONG,,,
58263e34-a45c-11ee-88ec-eb6a8d5269b4,1694450627953874152,CAMERA_FRONT_LONG,,,
58263e34-a45c-11ee-88ec-eb6a8d5269b4,1694450628152571796,CAMERA_FRONT_LONG,,,
58263e34-a45c-11ee-88ec-eb6a8d5269b4,1694450628354744049,CAMERA_FRONT_LONG,,,
58263e34-a45c-11ee-88ec-eb6a8d5269b4,1694450628552278758,CAMERA_FRONT_LONG,,,
58263e34-a45c-11ee-88ec-eb6a8d5269b4,1694450628755500973,CAMERA_FRONT_LONG,,,
58263e34-a45c-11ee-88ec-eb6a8d5269b4,1694450628954973577,CAMERA_FRONT_LONG,,,
58263e34-a45c-11ee-88ec-eb6a8d5269b4,1694450629093696475,CAMERA_FRONT_LONG,,,
58263e34-a45c-11ee-88ec-eb6a8d5269b4,1694450629282563495,CAMERA_FRONT_LONG,,,
58263e34-a45c-11ee-88ec-eb6a8d5269b4,1694450629415398586,CAMERA_FRONT_LONG,,,
58263e34-a45c-11ee-88ec-eb6a8d5269b4,1694450629614413462,CAMERA_FRONT_LONG,,,
58263e34-a45c-11ee-88ec-eb6a8d5269b4,1694450629757130964,CAMERA_FRONT_LONG,,,
58263e34-a45c-11ee-88ec-eb6a8d5269b4,1694450629955111311,CAMERA_FRONT_LONG,,,
58263e34-a45c-11ee-88ec-eb6a8d5269b4,1694450630085170424,CAMERA_FRONT_LONG,,,
58263e34-a45c-11ee-88ec-eb6a8d5269b4,1694450630382415034,CAMERA_FRONT_LONG,,,
58263e34-a45c-11ee-88ec-eb6a8d5269b4,1694450630583663173,CAMERA_FRONT_LONG,,,
58263e34-a45c-11ee-88ec-eb6a8d5269b4,1694450630784934892,CAMERA_FRONT_LONG,,,
58263e34-a45c-11ee-88ec-eb6a8d5269b4,1694450630984735041,CAMERA_FRONT_LONG,,,
58263e34-a45c-11ee-88ec-eb6a8d5269b4,1694450631183695662,CAMERA_FRONT_LONG,,,
58263e34-a45c-11ee-88ec-eb6a8d5269b4,1694450631383880016,CAMERA_FRONT_LONG,,,
58263e34-a45c-11ee-88ec-eb6a8d5269b4,1694450631584472247,CAMERA_FRONT_LONG,,,
58263e34-a45c-11ee-88ec-eb6a8d5269b4,1694450631783692092,CAMERA_FRONT_LONG,,,
58263e34-a45c-11ee-88ec-eb6a8d5269b4,1694450631984793724,CAMERA_FRONT_LONG,,,
58263e34-a45c-11ee-88ec-eb6a8d5269b4,1694450632184711119,CAMERA_FRONT_LONG,,,
58263e34-a45c-11ee-88ec-eb6a8d5269b4,1694450632383518345,CAMERA_FRONT_LONG,,,
58263e34-a45c-11ee-88ec-eb6a8d5269b4,1694450632582860551,CAMERA_FRONT_LONG,,,
58263e34-a45c-11ee-88ec-eb6a8d5269b4,1694450632782614298,CAMERA_FRONT_LONG,,,
58263e34-a45c-11ee-88ec-eb6a8d5269b4,1694450632982691189,CAMERA_FRONT_LONG,,,
58263e34-a45c-11ee-88ec-eb6a8d5269b4,1694450633182533898,CAMERA_FRONT_LONG,,,
58263e34-a45c-11ee-88ec-eb6a8d5269b4,1694450633382992644,CAMERA_FRONT_LONG,,,
58263e34-a45c-11ee-88ec-eb6a8d5269b4,1694450633583599204,CAMERA_FRONT_LONG,,,
58263e34-a45c-11ee-88ec-eb6a8d5269b4,1694450633783343293,CAMERA_FRONT_LONG,,,
58263e34-a45c-11ee-88ec-eb6a8d5269b4,1694450633982794058,CAMERA_FRONT_LONG,,,
58263e34-a45c-11ee-88ec-eb6a8d5269b4,1694450634184054128,CAMERA_FRONT_LONG,,,
58263e34-a45c-11ee-88ec-eb6a8d5269b4,1694450634382643494,CAMERA_FRONT_LONG,,,
58263e34-a45c-11ee-88ec-eb6a8d5269b4,1694450634582925688,CAMERA_FRONT_LONG,,,
58263e34-a45c-11ee-88ec-eb6a8d5269b4,1694450634794752878,CAMERA_FRONT_LONG,,,
58263e34-a45c-11ee-88ec-eb6a8d5269b4,1694450634985154856,CAMERA_FRONT_LONG,,,
58263e34-a45c-11ee-88ec-eb6a8d5269b4,1694450635183582557,CAMERA_FRONT_LONG,,,
58263e34-a45c-11ee-88ec-eb6a8d5269b4,1694450635383309855,CAMERA_FRONT_LONG,,,
58263e34-a45c-11ee-88ec-eb6a8d5269b4,1694450635582233034,CAMERA_FRONT_LONG,,,
58263e34-a45c-11ee-88ec-eb6a8d5269b4,1694450635784299899,CAMERA_FRONT_LONG,,,
58263e34-a45c-11ee-88ec-eb6a8d5269b4,1694450635986416221,CAMERA_FRONT_LONG,,,
58263e34-a45c-11ee-88ec-eb6a8d5269b4,1694450636183655258,CAMERA_FRONT_LONG,,,
58263e34-a45c-11ee-88ec-eb6a8d5269b4,1694450636383033850,CAMERA_FRONT_LONG,,,
58263e34-a45c-11ee-88ec-eb6a8d5269b4,1694450636585459874,CAMERA_FRONT_LONG,,,
58263e34-a45c-11ee-88ec-eb6a8d5269b4,1694450636782379609,CAMERA_FRONT_LONG,,,
58263e34-a45c-11ee-88ec-eb6a8d5269b4,1694450636982436219,CAMERA_FRONT_LONG,,,
58263e34-a45c-11ee-88ec-eb6a8d5269b4,1694450637184372908,CAMERA_FRONT_LONG,,,
58263e34-a45c-11ee-88ec-eb6a8d5269b4,1694450637383204489,CAMERA_FRONT_LONG,,,
58263e34-a45c-11ee-88ec-eb6a8d5269b4,1694450637584553879,CAMERA_FRONT_LONG,,,
58263e34-a45c-11ee-88ec-eb6a8d5269b4,1694450637785155467,CAMERA_FRONT_LONG,,,
58263e34-a45c-11ee-88ec-eb6a8d5269b4,1694450637982563301,CAMERA_FRONT_LONG,,,
58263e34-a45c-11ee-88ec-eb6a8d5269b4,1694450638185279454,CAMERA_FRONT_LONG,,,
58263e34-a45c-11ee-88ec-eb6a8d5269b4,1694450638414316225,CAMERA_FRONT_LONG,,,
58263e34-a45c-11ee-88ec-eb6a8d5269b4,1694450638613022112,CAMERA_FRONT_LONG,,,
58263e34-a45c-11ee-88ec-eb6a8d5269b4,1694450638783929192,CAMERA_FRONT_LONG,,,
58263e34-a45c-11ee-88ec-eb6a8d5269b4,1694450638983439925,CAMERA_FRONT_LONG,,,
58263e34-a45c-11ee-88ec-eb6a8d5269b4,1694450639183323224,CAMERA_FRONT_LONG,,,
58263e34-a45c-11ee-88ec-eb6a8d5269b4,1694450639382599432,CAMERA_FRONT_LONG,,,
58263e34-a45c-11ee-88ec-eb6a8d5269b4,1694450639584265502,CAMERA_FRONT_LONG,,,
58263e34-a45c-11ee-88ec-eb6a8d5269b4,1694450639783161201,CAMERA_FRONT_LONG,,,
58263e34-a45c-11ee-88ec-eb6a8d5269b4,1694450639982945319,CAMERA_FRONT_LONG,,,
58263e34-a45c-11ee-88ec-eb6a8d5269b4,1694450640182845274,CAMERA_FRONT_LONG,,,
58263e34-a45c-11ee-88ec-eb6a8d5269b4,1694450640382571033,CAMERA_FRONT_LONG,,,
58263e34-a45c-11ee-88ec-eb6a8d5269b4,1694450640584081283,CAMERA_FRONT_LONG,,,
58263e34-a45c-11ee-88ec-eb6a8d5269b4,1694450640785378585,CAMERA_FRONT_LONG,,,
58263e34-a45c-11ee-88ec-eb6a8d5269b4,1694450640982419962,CAMERA_FRONT_LONG,,,
58263e34-a45c-11ee-88ec-eb6a8d5269b4,1694450641183784408,CAMERA_FRONT_LONG,,,
58263e34-a45c-11ee-88ec-eb6a8d5269b4,1694450641385543181,CAMERA_FRONT_LONG,,,
58263e34-a45c-11ee-88ec-eb6a8d5269b4,1694450641584265048,CAMERA_FRONT_LONG,,,
58263e34-a45c-11ee-88ec-eb6a8d5269b4,1694450641782635993,CAMERA_FRONT_LONG,,,
58263e34-a45c-11ee-88ec-eb6a8d5269b4,1694450641983565057,CAMERA_FRONT_LONG,,,
58263e34-a45c-11ee-88ec-eb6a8d5269b4,1694450642182832977,CAMERA_FRONT_LONG,,,
58263e34-a45c-11ee-88ec-eb6a8d5269b4,1694450642374842998,CAMERA_FRONT_LONG,,,
58263e34-a45c-11ee-88ec-eb6a8d5269b4,1694450642584047057,CAMERA_FRONT_LONG,,,
58263e34-a45c-11ee-88ec-eb6a8d5269b4,1694450642783811395,CAMERA_FRONT_LONG,,,
58263e34-a45c-11ee-88ec-eb6a8d5269b4,1694450642984688300,CAMERA_FRONT_LONG,,,
58263e34-a45c-11ee-88ec-eb6a8d5269b4,1694450643183803308,CAMERA_FRONT_LONG,,,
58263e34-a45c-11ee-88ec-eb6a8d5269b4,1694450643376834511,CAMERA_FRONT_LONG,,,
58263e34-a45c-11ee-88ec-eb6a8d5269b4,1694450643585313100,CAMERA_FRONT_LONG,,,
58263e34-a45c-11ee-88ec-eb6a8d5269b4,1694450643784770348,CAMERA_FRONT_LONG,,,
58263e34-a45c-11ee-88ec-eb6a8d5269b4,1694450644054040893,CAMERA_FRONT_LONG,,,
58263e34-a45c-11ee-88ec-eb6a8d5269b4,1694450644175086588,CAMERA_FRONT_LONG,,,
58263e34-a45c-11ee-88ec-eb6a8d5269b4,1694450644374179482,CAMERA_FRONT_LONG,,,
58263e34-a45c-11ee-88ec-eb6a8d5269b4,1694450644577211998,CAMERA_FRONT_LONG,,,
58263e34-a45c-11ee-88ec-eb6a8d5269b4,1694450644912586396,CAMERA_FRONT_LONG,,,
58263e34-a45c-11ee-88ec-eb6a8d5269b4,1694450645113710756,CAMERA_FRONT_LONG,,,
58263e34-a45c-11ee-88ec-eb6a8d5269b4,1694450645505274188,CAMERA_FRONT_LONG,True,"[{'blink': False, 'id': '2489', 'color': 'UNKNOWN', 'confidence': Decimal('0')}]",55.73410240095109
58263e34-a45c-11ee-88ec-eb6a8d5269b4,1694450645567908053,CAMERA_FRONT_LONG,True,"[{'blink': False, 'id': '2489', 'color': 'UNKNOWN', 'confidence': Decimal('0')}]",54.40737761184573
