groupMetadataID,start_time,end_time,nummsgs,filebase,folder,vehicleID,experimentID,route,isOneMode,modes,auto_count,manual_count,percent_auto
3a116996-93a9-11ee-956e-9da2d070324c,1.67416e+18,1.67416e+18,1855470,/Deployment_2_SEOhio/Blue Route/OU Pacifica/1674155613/20230119141333.record.00000,/Deployment_2_SEOhio/Blue Route/OU Pacifica/1674155613/20230119141333.record.00000,OUPacifica,13,Blue Route,True,0,0,96636,0.0
2837eb9c-9542-11ee-956e-9da2d070324c,1.68331e+18,1.68332e+18,1149980,/Deployment_2_SEOhio/Blue Route/OU Pacifica/1684354335/20230505150652.record.00000,/Deployment_2_SEOhio/Blue Route/OU Pacifica/1684354335/20230505150652.record.00000,OUPacifica,1,Blue Route,True,0,0,83521,0.0
da853e0c-a10f-11ee-981c-d126ddbe9afa,1.68478e+18,1.68478e+18,459295,/Deployment_2_SEOhio/Blue Route/OU Pacifica/1684733733/20230522131549.record.00000,/Deployment_2_SEOhio/Blue Route/OU Pacifica/1684733733/20230522131549.record.00000,OUPacifica,2,Blue Route,False,both,20742,2799,0.8811010577290684
154fab12-a43f-11ee-88ec-eb6a8d5269b4,1.68478e+18,1.68478e+18,559423,/Deployment_2_SEOhio/Blue Route/OU Pacifica/1684733734/20230522133221.record.00000,/Deployment_2_SEOhio/Blue Route/OU Pacifica/1684733734/20230522133221.record.00000,OUPacifica,3,Blue Route,False,both,22015,6722,0.766085534328566
ba6e1072-9524-11ee-956e-9da2d070324c,1.68554e+18,1.68554e+18,463801,/Deployment_2_SEOhio/Blue Route/OU Pacifica/1684334963/20230531095500.record.00000,/Deployment_2_SEOhio/Blue Route/OU Pacifica/1684334963/20230531095500.record.00000,OUPacifica,4,Blue Route,False,both,15049,18449,0.44925070153442
1bbbfbae-c839-11ee-a7fc-dd032dba19e8,1.68617e+18,1.68617e+18,160256,/Deployment_2_SEOhio/RedRoute/OU Pacifica/1686120563/20230607154102.record.00000,/Deployment_2_SEOhio/RedRoute/OU Pacifica/1686120563/20230607154102.record.00000,OUPacifica,5,RedRoute,False,both,1739,6492,0.21127445024905844
f6ac3c82-a445-11ee-88ec-eb6a8d5269b4,1.69282e+18,1.69282e+18,237926,/Deployment_2_SEOhio/Blue Route/OU Pacifica/1692815820/20230823143700.record.00000,/Deployment_2_SEOhio/Blue Route/OU Pacifica/1692815820/20230823143700.record.00000,OUPacifica,14,Blue Route,False,both,4253,7927,0.3491789819376026
58263e34-a45c-11ee-88ec-eb6a8d5269b4,1.69445e+18,1.69445e+18,1953223,/Deployment_2_SEOhio/Blue Route/OU Pacifica/1694450559/20230911124228.record.00000,/Deployment_2_SEOhio/Blue Route/OU Pacifica/1694450559/20230911124228.record.00000,OUPacifica,7,Blue Route,False,both,69383,30956,0.6914858629246853
6d2ea45a-c839-11ee-a7fc-dd032dba19e8,1.69462e+18,1.69463e+18,1816742,/Deployment_2_SEOhio/RedRoute/OU Pacifica/1694623469/20230913124429.record.00000,/Deployment_2_SEOhio/RedRoute/OU Pacifica/1694623469/20230913124429.record.00000,OUPacifica,11,RedRoute,False,both,69484,23513,0.7471638870071078
8b0593cc-cb4e-11ee-909c-e1dc60cf66f9,1.69472e+18,1.69472e+18,910221,/Deployment_2_SEOhio/GreenRoute/OU Pacifica/1694718634/20230914151034.record.00000,/Deployment_2_SEOhio/GreenRoute/OU Pacifica/1694718634/20230914151034.record.00000,OUPacifica,9,GreenRoute,False,both,37280,9354,0.7994167345713428
c335d84c-a45c-11ee-88ec-eb6a8d5269b4,1.69505e+18,1.69506e+18,1892935,/Deployment_2_SEOhio/Blue Route/OU Pacifica/1695054362/20230918122602.record.00000,/Deployment_2_SEOhio/Blue Route/OU Pacifica/1695054362/20230918122602.record.00000,OUPacifica,8,Blue Route,False,both,81734,15158,0.8435577756677538
8fa6fe80-c869-11ee-a7fc-dd032dba19e8,1.69523e+18,1.69523e+18,2002226,/Deployment_2_SEOhio/RedRoute/OU Pacifica/1695227194/20230920122634.record.00000,/Deployment_2_SEOhio/RedRoute/OU Pacifica/1695227194/20230920122634.record.00000,OUPacifica,12,RedRoute,False,both,86888,15728,0.8467295548452483
837fc882-cb5a-11ee-909c-e1dc60cf66f9,1.69532e+18,1.69532e+18,843575,/Deployment_2_SEOhio/GreenRoute/OU Pacifica/1695324094/20230921152134.record.00000,/Deployment_2_SEOhio/GreenRoute/OU Pacifica/1695324094/20230921152134.record.00000,OUPacifica,9,GreenRoute,False,both,38269,4967,0.8851188824128041
7fb7b9c0-c881-11ee-a7fc-dd032dba19e8,1.69584e+18,1.69584e+18,1892364,/Deployment_2_SEOhio/RedRoute/OU Pacifica/1695836794/20230927134634.record.00000,/Deployment_2_SEOhio/RedRoute/OU Pacifica/1695836794/20230927134634.record.00000,OUPacifica,15,RedRoute,False,both,83777,12589,0.8693626382749102
25641404-cb66-11ee-909c-e1dc60cf66f9,1.69593e+18,1.69593e+18,872434,/Deployment_2_SEOhio/GreenRoute/OU Pacifica/1695927575/20230928145935.record.00000,/Deployment_2_SEOhio/GreenRoute/OU Pacifica/1695927575/20230928145935.record.00000,OUPacifica,16,GreenRoute,False,both,35999,8618,0.8068449245803169
5976b77a-a504-11ee-88ec-eb6a8d5269b4,1.69593e+18,1.69593e+18,2036131,/Deployment_2_SEOhio/Blue Route/OU Pacifica/1695931464/20230928160424.record.00000,/Deployment_2_SEOhio/Blue Route/OU Pacifica/1695931464/20230928160424.record.00000,OUPacifica,17,Blue Route,False,both,64374,40037,0.6165442338450929
2bc6ebb8-a529-11ee-88ec-eb6a8d5269b4,1.69627e+18,1.69627e+18,1800578,/Deployment_2_SEOhio/Blue Route/OU Pacifica/1696265320/20231002124840.record.00000,/Deployment_2_SEOhio/Blue Route/OU Pacifica/1696265320/20231002124840.record.00000,OUPacifica,18,Blue Route,False,both,66112,26112,0.7168632893823733
51ef6da6-ca9f-11ee-909c-e1dc60cf66f9,1.69644e+18,1.69644e+18,1753843,/Deployment_2_SEOhio/RedRoute/OU Pacifica/1696436542/20231004122222.record.00000,/Deployment_2_SEOhio/RedRoute/OU Pacifica/1696436542/20231004122222.record.00000,OUPacifica,19,RedRoute,False,both,62804,26998,0.6993608160174606
a6539bd2-cb72-11ee-909c-e1dc60cf66f9,1.69653e+18,1.69653e+18,896685,/Deployment_2_SEOhio/GreenRoute/OU Pacifica/1696532161/20231005145601.record.00000,/Deployment_2_SEOhio/GreenRoute/OU Pacifica/1696532161/20231005145601.record.00000,OUPacifica,20,GreenRoute,False,both,28540,17399,0.6212586255686889
3d8020aa-cb7f-11ee-909c-e1dc60cf66f9,1.69653e+18,1.69653e+18,896788,/Deployment_2_SEOhio/GreenRoute/OU Pacifica/1696533326/20231005151526.record.00000,/Deployment_2_SEOhio/GreenRoute/OU Pacifica/1696533326/20231005151526.record.00000,OUPacifica,21,GreenRoute,False,both,43256,2672,0.9418219822330605
7f09f6c6-a5b0-11ee-88ec-eb6a8d5269b4,1.69687e+18,1.69687e+18,1849953,/Deployment_2_SEOhio/Blue Route/OU Pacifica/1696869055/20231009123055.record.00000,/Deployment_2_SEOhio/Blue Route/OU Pacifica/1696869055/20231009123055.record.00000,OUPacifica,22,Blue Route,False,both,71378,23336,0.753616149671643
8437f77a-cab7-11ee-909c-e1dc60cf66f9,1.69687e+18,1.69687e+18,1893059,/Deployment_2_SEOhio/RedRoute/OU Pacifica/1696871720/20231009131520.record.00000,/Deployment_2_SEOhio/RedRoute/OU Pacifica/1696871720/20231009131520.record.00000,OUPacifica,23,RedRoute,False,both,78200,18777,0.8063767697495282
271fee10-cb8b-11ee-909c-e1dc60cf66f9,1.69714e+18,1.69714e+18,834383,/Deployment_2_SEOhio/GreenRoute/OU Pacifica/1697137664/20231012150744.record.00000,/Deployment_2_SEOhio/GreenRoute/OU Pacifica/1697137664/20231012150744.record.00000,OUPacifica,24,GreenRoute,False,both,39228,3553,0.9169491129239615
b31aca98-cb95-11ee-909c-e1dc60cf66f9,1.69714e+18,1.69714e+18,853441,/Deployment_2_SEOhio/GreenRoute/OU Pacifica/1697138744/20231012152544.record.00000,/Deployment_2_SEOhio/GreenRoute/OU Pacifica/1697138744/20231012152544.record.00000,OUPacifica,25,GreenRoute,False,both,40588,3180,0.9273441783951746
f671c05c-a5e4-11ee-88ec-eb6a8d5269b4,1.69747e+18,1.69748e+18,1848299,/Deployment_2_SEOhio/Blue Route/OU Pacifica/1697473456/20231016122416.record.00000,/Deployment_2_SEOhio/Blue Route/OU Pacifica/1697473456/20231016122416.record.00000,OUPacifica,26,Blue Route,False,both,76341,18336,0.8063309990810862
853ef120-cad3-11ee-909c-e1dc60cf66f9,1.69748e+18,1.69748e+18,1914459,/Deployment_2_SEOhio/RedRoute/OU Pacifica/1697476525/20231016131525.record.00000,/Deployment_2_SEOhio/RedRoute/OU Pacifica/1697476525/20231016131525.record.00000,OUPacifica,27,RedRoute,False,both,88243,9972,0.8984676475080181
90101c36-a621-11ee-88ec-eb6a8d5269b4,1.69765e+18,1.69765e+18,1686049,/Deployment_2_SEOhio/Blue Route/OU Pacifica/1697647842/20231018125042.record.00000,/Deployment_2_SEOhio/Blue Route/OU Pacifica/1697647842/20231018125042.record.00000,OUPacifica,28,Blue Route,False,both,76857,9653,0.8884175239856664
d12cd1c4-caec-11ee-909c-e1dc60cf66f9,1.69765e+18,1.69765e+18,1802876,/Deployment_2_SEOhio/RedRoute/OU Pacifica/1697650385/20231018133305.record.00000,/Deployment_2_SEOhio/RedRoute/OU Pacifica/1697650385/20231018133305.record.00000,OUPacifica,29,RedRoute,False,both,63566,28944,0.6871257161387958
ed352100-cba0-11ee-909c-e1dc60cf66f9,1.69774e+18,1.69774e+18,867348,/Deployment_2_SEOhio/GreenRoute/OU Pacifica/1697742077/20231019150117.record.00000,/Deployment_2_SEOhio/GreenRoute/OU Pacifica/1697742077/20231019150117.record.00000,OUPacifica,30,GreenRoute,False,both,42366,2023,0.9544256459933768
072ef896-cbac-11ee-909c-e1dc60cf66f9,1.69774e+18,1.69774e+18,867384,/Deployment_2_SEOhio/GreenRoute/OU Pacifica/1697743021/20231019151701.record.00000,/Deployment_2_SEOhio/GreenRoute/OU Pacifica/1697743021/20231019151701.record.00000,OUPacifica,31,GreenRoute,False,both,38727,5618,0.8733115345585748
559495ca-d270-11ee-b437-336917683bb8,1.69808e+18,1.69808e+18,1935237,/Deployment_2_SEOhio/Blue Route/OU Pacifica/1698078445/20231023122725.record.00000,/Deployment_2_SEOhio/Blue Route/OU Pacifica/1698078445/20231023122725.record.00000,OUPacifica,32,Blue Route,False,both,82773,16765,0.8315718620024514
c338788a-d324-11ee-b437-336917683bb8,1.69808e+18,1.69808e+18,1890985,/Deployment_2_SEOhio/RedRoute/OU Pacifica/1698081075/20231023131115.record.00000,/Deployment_2_SEOhio/RedRoute/OU Pacifica/1698081075/20231023131115.record.00000,OUPacifica,33,RedRoute,False,both,90687,6359,0.9344743729777631
feaf2ba8-d28d-11ee-b437-336917683bb8,1.69825e+18,1.69825e+18,1897000,/Deployment_2_SEOhio/Blue Route/OU Pacifica/1698251665/20231025123425.record.00000,/Deployment_2_SEOhio/Blue Route/OU Pacifica/1698251665/20231025123425.record.00000,OUPacifica,34,Blue Route,False,both,87039,10230,0.8948277457360516
c9c6856c-d33c-11ee-b437-336917683bb8,1.69825e+18,1.69826e+18,1868859,/Deployment_2_SEOhio/RedRoute/OU Pacifica/1698254838/20231025132718.record.00000,/Deployment_2_SEOhio/RedRoute/OU Pacifica/1698254838/20231025132718.record.00000,OUPacifica,35,RedRoute,False,both,89940,6000,0.9374609130706691
3c415ade-d353-11ee-b437-336917683bb8,1.69835e+18,1.69835e+18,846847,/Deployment_2_SEOhio/GreenRoute/OU Pacifica/1698347206/20231026150646.record.00000,/Deployment_2_SEOhio/GreenRoute/OU Pacifica/1698347206/20231026150646.record.00000,OUPacifica,36,GreenRoute,False,both,42063,1299,0.9700428947004289
88b0613a-d35d-11ee-b437-336917683bb8,1.69835e+18,1.69835e+18,861350,/Deployment_2_SEOhio/GreenRoute/OU Pacifica/1698348088/20231026152128.record.00000,/Deployment_2_SEOhio/GreenRoute/OU Pacifica/1698348088/20231026152128.record.00000,OUPacifica,37,GreenRoute,False,both,42945,1161,0.9736770507413958
a253145a-d2a6-11ee-b437-336917683bb8,1.70595e+18,1.70595e+18,2104931,/Deployment_2_SEOhio/Blue Route/OU Pacifica/1705951739/20240122142859.record.00000,/Deployment_2_SEOhio/Blue Route/OU Pacifica/1705951739/20240122142859.record.00000,OUPacifica,38,Blue Route,False,both,69081,39344,0.6371316578279917
787d9684-d2c2-11ee-b437-336917683bb8,1.70595e+18,1.70596e+18,1918581,/Deployment_2_SEOhio/Blue Route/OU Pacifica/1705954227/20240122151027.record.00000,/Deployment_2_SEOhio/Blue Route/OU Pacifica/1705954227/20240122151027.record.00000,OUPacifica,39,Blue Route,False,both,76291,22280,0.7739700317537612
9830d896-d2dc-11ee-b437-336917683bb8,1.7063e+18,1.7063e+18,2048925,/Deployment_2_SEOhio/Blue Route/OU Pacifica/1706299233/20240126150033.record.00000,/Deployment_2_SEOhio/Blue Route/OU Pacifica/1706299233/20240126150033.record.00000,OUPacifica,40,Blue Route,False,both,67217,37828,0.6398876671902518
286c70cc-d2f7-11ee-b437-336917683bb8,1.7063e+18,1.7063e+18,2146838,/Deployment_2_SEOhio/Blue Route/OU Pacifica/1706301712/20240126154152.record.00000,/Deployment_2_SEOhio/Blue Route/OU Pacifica/1706301712/20240126154152.record.00000,OUPacifica,41,Blue Route,False,both,72444,37582,0.6584261901732318
64737d98-d312-11ee-b437-336917683bb8,1.70691e+18,1.70691e+18,1433870,/Deployment_2_SEOhio/Blue Route/OU Pacifica/1706906620/20240202154340.record.00000,/Deployment_2_SEOhio/Blue Route/OU Pacifica/1706906620/20240202154340.record.00000,OUPacifica,42,Blue Route,False,both,51822,22593,0.6963918564805482
06cbdbc0-db4d-11ee-a158-97f8443fd730,0.0,1.6935e+18,1511247,/Deployment_2_SEOhio/Blue Route/TRCVan1/1693493050/20230831110500.record.00034,/Deployment_2_SEOhio/Blue Route/TRCVan1/1693493050/20230831110500.record.00034,Van1,1693493050,Blue Route,False,both,38480,14727,0.7232131110568158
baf0e4be-bede-11ee-835b-599066b5eb60,1.68563e+18,1.68563e+18,1604864,/Deployment_2_SEOhio/Blue Route/TRCVan1/1685632020/20230601110813.record.00000,/Deployment_2_SEOhio/Blue Route/TRCVan1/1685632020/20230601110813.record.00000,Van1,1685632020,Blue Route,False,both,39283,13904,0.7385827363829507
6af236d6-d98f-11ee-a158-97f8443fd730,1.68564e+18,1.68564e+18,1657582,/Deployment_2_SEOhio/Blue Route/TRCVan1/1685639100/20230601130818.record.00000,/Deployment_2_SEOhio/Blue Route/TRCVan1/1685639100/20230601130818.record.00000,Van1,1685639100,Blue Route,False,both,42312,12605,0.770471802902562
5afabc8c-f035-11ee-b966-fb353e7798cd,1.68565e+18,1.68565e+18,763435,/Deployment_2_SEOhio/GreenRoute/TRCVan1/1685645040/20230601144626.record.00000,/Deployment_2_SEOhio/GreenRoute/TRCVan1/1685645040/20230601144626.record.00000,Van1,1685639100,GreenRoute,False,both,17146,8177,0.677091971725309
39ba7438-d0d5-11ee-9435-f7e542e2436c,1.68927e+18,1.68927e+18,1721550,/Deployment_2_SEOhio/Blue Route/TRCVan1/1689270950/Van1_July13_bluev2f_auto_run1.record.00000,/Deployment_2_SEOhio/Blue Route/TRCVan1/1689270950/Van1_July13_bluev2f_auto_run1.record.00000,Van1,1689270950,Blue Route,False,both,41858,15383,0.7312590625600531
c0624e24-d9aa-11ee-a158-97f8443fd730,1.69048e+18,1.69048e+18,1564597,/Deployment_2_SEOhio/Blue Route/TRCVan1/1690478153/20230727131843.record.00000,/Deployment_2_SEOhio/Blue Route/TRCVan1/1690478153/20230727131843.record.00000,Van1,1690478153,Blue Route,False,both,42182,9740,0.8124109240784253
19b7ebd0-d9b7-11ee-a158-97f8443fd730,1.69048e+18,1.69048e+18,1579311,/Deployment_2_SEOhio/Blue Route/TRCVan1/1690480064/20230727135045.record.00000,/Deployment_2_SEOhio/Blue Route/TRCVan1/1690480064/20230727135045.record.00000,Van1,1690480064,Blue Route,False,both,42893,9565,0.8176636547333105
47561998-d9c3-11ee-a158-97f8443fd730,1.69048e+18,1.69048e+18,1646997,/Deployment_2_SEOhio/Blue Route/TRCVan1/1690482007/20230727142227.record.00000,/Deployment_2_SEOhio/Blue Route/TRCVan1/1690482007/20230727142227.record.00000,Van1,1690482007,Blue Route,False,both,43431,11345,0.7928837447057105
05c7c824-cab8-11ee-aa4d-1d66adf2f0c7,1.6909e+18,1.6909e+18,402467,/Deployment_2_SEOhio/RedRoute/TRCVan1/1690899717/20230801102652.record.00000,/Deployment_2_SEOhio/RedRoute/TRCVan1/1690899717/20230801102652.record.00000,Van1,1690899717,RedRoute,False,both,4267,1263,0.7716094032549728
2462c9d0-eecd-11ee-9385-ef789ffde1d3,1.6909e+18,1.69091e+18,1635768,/Deployment_2_SEOhio/RedRoute/TRCVan1/1690903510/20230801112629.record.00000,/Deployment_2_SEOhio/RedRoute/TRCVan1/1690903510/20230801112629.record.00000,Van1,1690903510,RedRoute,False,both,29355,25226,0.5378245176893058
94c53148-eeed-11ee-9385-ef789ffde1d3,1.69091e+18,1.69091e+18,1601232,/Deployment_2_SEOhio/RedRoute/TRCVan1/1690908929/20230801125722.record.00000,/Deployment_2_SEOhio/RedRoute/TRCVan1/1690908929/20230801125722.record.00000,Van1,1690908929,RedRoute,False,both,42267,11027,0.7930911547266108
88a68dd8-eef9-11ee-9385-ef789ffde1d3,1.69091e+18,1.69091e+18,1649632,/Deployment_2_SEOhio/RedRoute/TRCVan1/1690911954/20230801134731.record.00000,/Deployment_2_SEOhio/RedRoute/TRCVan1/1690911954/20230801134731.record.00000,Van1,1690911954,RedRoute,False,both,45878,9158,0.8335998255687187
86841630-d9d0-11ee-a158-97f8443fd730,1.6915e+18,1.69151e+18,918215,/Deployment_2_SEOhio/Blue Route/TRCVan1/1691504421/20230808102551.record.00000,/Deployment_2_SEOhio/Blue Route/TRCVan1/1691504421/20230808102551.record.00000,Van1,1691504421,Blue Route,True,0,0,29251,0.0
4ed017ee-ef05-11ee-9385-ef789ffde1d3,1.69152e+18,1.69152e+18,1674660,/Deployment_2_SEOhio/RedRoute/TRCVan1/1691518309/20230808141500.record.00000,/Deployment_2_SEOhio/RedRoute/TRCVan1/1691518309/20230808141500.record.00000,Van1,1691518309,RedRoute,True,0,0,55257,0.0
76683d3c-db18-11ee-a158-97f8443fd730,1.69228e+18,1.69228e+18,806998,/Deployment_2_SEOhio/Blue Route/TRCVan1/1692282847/20230817103953.record.00000,/Deployment_2_SEOhio/Blue Route/TRCVan1/1692282847/20230817103953.record.00000,Van1,1692282847,Blue Route,False,both,19044,7867,0.70766601018171
3a2a78cc-db21-11ee-a158-97f8443fd730,1.69229e+18,1.69229e+18,958734,/Deployment_2_SEOhio/Blue Route/TRCVan1/1692285096/20230817111424.record.00000,/Deployment_2_SEOhio/Blue Route/TRCVan1/1692285096/20230817111424.record.00000,Van1,1692285096,Blue Route,False,both,25163,6740,0.7887346017615898
f9d62032-db2a-11ee-a158-97f8443fd730,1.69229e+18,1.69229e+18,791198,/Deployment_2_SEOhio/Blue Route/TRCVan1/1692287361/20230817115343.record.00000,/Deployment_2_SEOhio/Blue Route/TRCVan1/1692287361/20230817115343.record.00000,Van1,1692287361,Blue Route,False,both,18713,7394,0.7167809399777837
dc39aa14-db32-11ee-a158-97f8443fd730,1.6923e+18,1.6923e+18,1585731,/Deployment_2_SEOhio/Blue Route/TRCVan1/1692297395/20230817143836.record.00000,/Deployment_2_SEOhio/Blue Route/TRCVan1/1692297395/20230817143836.record.00000,Van1,1692297395,Blue Route,False,both,43658,12238,0.7810576785458709
e6d7d384-db40-11ee-a158-97f8443fd730,1.6923e+18,1.6923e+18,1473559,/Deployment_2_SEOhio/Blue Route/TRCVan1/1692300020/20230817152142.record.00000,/Deployment_2_SEOhio/Blue Route/TRCVan1/1692300020/20230817152142.record.00000,Van1,1692300020,Blue Route,False,both,40818,10885,0.7894706303309286
aa5dbcd2-ef10-11ee-9385-ef789ffde1d3,1.69237e+18,1.69237e+18,1419297,/Deployment_2_SEOhio/RedRoute/TRCVan1/1692368703/20230818103132.record.00000,/Deployment_2_SEOhio/RedRoute/TRCVan1/1692368703/20230818103132.record.00000,Van1,1692368703,RedRoute,False,both,37821,11481,0.7671291225508093
e7b934a8-ef1a-11ee-9385-ef789ffde1d3,1.69238e+18,1.69238e+18,1855751,/Deployment_2_SEOhio/RedRoute/TRCVan1/1692377371/20230818125321.record.00000,/Deployment_2_SEOhio/RedRoute/TRCVan1/1692377371/20230818125321.record.00000,Van1,1692377371,RedRoute,False,both,32064,31410,0.5051517156631061
85b6e70e-ef7a-11ee-b966-fb353e7798cd,1.69238e+18,1.69238e+18,1878405,/Deployment_2_SEOhio/RedRoute/TRCVan1/1692380389/20230818134311.record.00000,/Deployment_2_SEOhio/RedRoute/TRCVan1/1692380389/20230818134311.record.00000,Van1,1692380389,RedRoute,False,both,37955,27161,0.5828828552122366
219f7eb8-ef87-11ee-b966-fb353e7798cd,1.69238e+18,1.69239e+18,2166480,/Deployment_2_SEOhio/RedRoute/TRCVan1/1692384057/20230818144735.record.00000,/Deployment_2_SEOhio/RedRoute/TRCVan1/1692384057/20230818144735.record.00000,Van1,1692384057,RedRoute,False,both,37610,37746,0.4990976166463188
3d2d29ec-ef95-11ee-b966-fb353e7798cd,1.69332e+18,1.69332e+18,1359538,/Deployment_2_SEOhio/RedRoute/TRCVan1/1693318866/20230829104411.record.00000,/Deployment_2_SEOhio/RedRoute/TRCVan1/1693318866/20230829104411.record.00000,Van1,1693318866,RedRoute,False,both,23780,22338,0.5156338089249317
d3698592-ef9d-11ee-b966-fb353e7798cd,1.69333e+18,1.69333e+18,1609715,/Deployment_2_SEOhio/RedRoute/TRCVan1/1693325330/20230829121122.record.00000,/Deployment_2_SEOhio/RedRoute/TRCVan1/1693325330/20230829121122.record.00000,Van1,1693325330,RedRoute,False,both,41351,13253,0.7572888433081826
fd1ab258-efa7-11ee-b966-fb353e7798cd,1.69333e+18,1.69333e+18,1138800,/Deployment_2_SEOhio/RedRoute/TRCVan1/1693332650/freq1_1.record.00000,/Deployment_2_SEOhio/RedRoute/TRCVan1/1693332650/freq1_1.record.00000,Van1,1693332650,RedRoute,False,both,43908,11798,0.7882095285965605
8347b862-efad-11ee-b966-fb353e7798cd,1.69334e+18,1.69334e+18,1359985,/Deployment_2_SEOhio/RedRoute/TRCVan1/1693335057/20230829145724.record.00000,/Deployment_2_SEOhio/RedRoute/TRCVan1/1693335057/20230829145724.record.00000,Van1,1693335057,RedRoute,False,both,23196,24575,0.4855665571162421
68c289fa-dbd4-11ee-a158-97f8443fd730,1.6935e+18,1.6935e+18,1478300,/Deployment_2_SEOhio/Blue Route/TRCVan1/1693497944/20230831121319.record.00000,/Deployment_2_SEOhio/Blue Route/TRCVan1/1693497944/20230831121319.record.00000,Van1,1693497944,Blue Route,False,both,32044,19166,0.6257371607107987
8c57e8ac-dbec-11ee-a158-97f8443fd730,1.6935e+18,1.6935e+18,1447653,/Deployment_2_SEOhio/Blue Route/TRCVan1/1693501873/20230831131352.record.00000,/Deployment_2_SEOhio/Blue Route/TRCVan1/1693501873/20230831131352.record.00000,Van1,1693501873,Blue Route,False,both,33852,15043,0.6923407301360057
aa86a660-dc05-11ee-a158-97f8443fd730,1.69351e+18,1.69351e+18,1600877,/Deployment_2_SEOhio/Blue Route/TRCVan1/1693507789/20230831145207.record.00000,/Deployment_2_SEOhio/Blue Route/TRCVan1/1693507789/20230831145207.record.00000,Van1,1693507789,Blue Route,False,both,36355,19304,0.653173790402271
69ab88ec-dc17-11ee-a158-97f8443fd730,1.69393e+18,1.69393e+18,586521,/Deployment_2_SEOhio/Blue Route/TRCVan1/1693925337/20230905105653.record.00000,/Deployment_2_SEOhio/Blue Route/TRCVan1/1693925337/20230905105653.record.00000,Van1,1693925337,Blue Route,False,both,10768,9665,0.5269906523760584
e2079a78-dc1d-11ee-a158-97f8443fd730,1.69393e+18,1.69393e+18,1377364,/Deployment_2_SEOhio/Blue Route/TRCVan1/1693927674/20230905112938.record.00000,/Deployment_2_SEOhio/Blue Route/TRCVan1/1693927674/20230905112938.record.00000,Van1,1693927674,Blue Route,False,both,32160,15076,0.6808366500127022
a17c1280-ea10-11ee-b297-3b0ad9d5d6c6,1.69393e+18,1.69393e+18,1610259,/Deployment_2_SEOhio/Blue Route/TRCVan1/1693930650/20230905121909.record.00000,/Deployment_2_SEOhio/Blue Route/TRCVan1/1693930650/20230905121909.record.00000,Van1,1693930650,Blue Route,False,both,37913,18155,0.6761967610758365
817d6848-efb6-11ee-b966-fb353e7798cd,1.69393e+18,1.69394e+18,1574176,/Deployment_2_SEOhio/RedRoute/TRCVan1/1693934067/20230905131659.record.00000,/Deployment_2_SEOhio/RedRoute/TRCVan1/1693934067/20230905131659.record.00000,Van1,1693934067,RedRoute,False,both,33090,21859,0.6021947624160585
be857244-efc0-11ee-b966-fb353e7798cd,1.69394e+18,1.69394e+18,1560301,/Deployment_2_SEOhio/RedRoute/TRCVan1/1693936918/20230905140903.record.00000,/Deployment_2_SEOhio/RedRoute/TRCVan1/1693936918/20230905140903.record.00000,Van1,1693936918,RedRoute,False,both,42189,12237,0.7751626061073752
fc211bb2-efca-11ee-b966-fb353e7798cd,1.69411e+18,1.69411e+18,1392877,/Deployment_2_SEOhio/RedRoute/TRCVan1/1694106141/20230907130406.record.00000,/Deployment_2_SEOhio/RedRoute/TRCVan1/1694106141/20230907130406.record.00000,Van1,1694106141,RedRoute,False,both,40096,8626,0.8229547227125323
ed7f2038-ea1e-11ee-b297-3b0ad9d5d6c6,1.69411e+18,1.69411e+18,1687333,/Deployment_2_SEOhio/Blue Route/TRCVan1/1694110308/20230907141313.record.00000,/Deployment_2_SEOhio/Blue Route/TRCVan1/1694110308/20230907141313.record.00000,Van1,1694110308,Blue Route,False,both,44482,14563,0.7533576086036075
40706f50-f03b-11ee-b96e-fb353e7798cd,1.69453e+18,1.69453e+18,916180,/Deployment_2_SEOhio/GreenRoute/TRCVan1/1694530022/20230912105416.record.00000,/Deployment_2_SEOhio/GreenRoute/TRCVan1/1694530022/20230912105416.record.00000,Van1,1694530022,GreenRoute,False,both,20051,11966,0.6262610488178155
3a7dc9a6-f042-11ee-b974-fb353e7798cd,1.69453e+18,1.69453e+18,733317,/Deployment_2_SEOhio/GreenRoute/TRCVan1/1694532280/20230912112618.record.00000,/Deployment_2_SEOhio/GreenRoute/TRCVan1/1694532280/20230912112618.record.00000,Van1,1694532280,GreenRoute,False,both,22795,2802,0.8905340469586279
ece2a8be-f047-11ee-b97d-fb353e7798cd,1.69453e+18,1.69453e+18,717390,/Deployment_2_SEOhio/GreenRoute/TRCVan1/1694533929/20230912115359.record.00000,/Deployment_2_SEOhio/GreenRoute/TRCVan1/1694533929/20230912115359.record.00000,Van1,1694533929,GreenRoute,False,both,22985,2030,0.9188486907855287
8adb6498-f04d-11ee-b981-fb353e7798cd,1.69453e+18,1.69454e+18,759935,/Deployment_2_SEOhio/GreenRoute/TRCVan1/1694534890/20230912120914.record.00000,/Deployment_2_SEOhio/GreenRoute/TRCVan1/1694534890/20230912120914.record.00000,Van1,1694534890,GreenRoute,False,both,23928,2714,0.8981307709631409
3ec95686-f053-11ee-b988-fb353e7798cd,1.69454e+18,1.69454e+18,706587,/Deployment_2_SEOhio/GreenRoute/TRCVan1/1694541382/20230912140006.record.00000,/Deployment_2_SEOhio/GreenRoute/TRCVan1/1694541382/20230912140006.record.00000,Van1,1694541382,GreenRoute,False,both,19775,4835,0.8035351483136937
cf7148d8-f058-11ee-b98a-fb353e7798cd,1.69454e+18,1.69454e+18,699551,/Deployment_2_SEOhio/GreenRoute/TRCVan1/1694542999/20230912142607.record.00000,/Deployment_2_SEOhio/GreenRoute/TRCVan1/1694542999/20230912142607.record.00000,Van1,1694542999,GreenRoute,False,both,21763,2626,0.8923285087539464
7f824ea2-f05e-11ee-b993-fb353e7798cd,1.69454e+18,1.69455e+18,724020,/Deployment_2_SEOhio/GreenRoute/TRCVan1/1694544542/20230912145112.record.00000,/Deployment_2_SEOhio/GreenRoute/TRCVan1/1694544542/20230912145112.record.00000,Van1,1694544542,GreenRoute,False,both,23111,2153,0.9147799240025333
20cbfe8c-ea2b-11ee-b297-3b0ad9d5d6c6,1.69471e+18,1.69471e+18,1784455,/Deployment_2_SEOhio/Blue Route/TRCVan1/1694706909/20230914115732.record.00000,/Deployment_2_SEOhio/Blue Route/TRCVan1/1694706909/20230914115732.record.00000,Van1,1694706909,Blue Route,False,both,43179,18704,0.6977522098152966
3ea96640-ea37-11ee-b297-3b0ad9d5d6c6,1.69471e+18,1.69471e+18,1620150,/Deployment_2_SEOhio/Blue Route/TRCVan1/1694709875/20230914124843.record.00000,/Deployment_2_SEOhio/Blue Route/TRCVan1/1694709875/20230914124843.record.00000,Van1,1694709875,Blue Route,False,both,37759,18353,0.6729220131166239
57d240d6-ea4d-11ee-b297-3b0ad9d5d6c6,1.69472e+18,1.69472e+18,1902498,/Deployment_2_SEOhio/Blue Route/TRCVan1/1694719259/20230914152305.record.00000,/Deployment_2_SEOhio/Blue Route/TRCVan1/1694719259/20230914152305.record.00000,Van1,1694719259,Blue Route,False,both,39375,26597,0.5968441156854423
01e65360-efd4-11ee-b966-fb353e7798cd,1.69514e+18,1.69514e+18,1597689,/Deployment_2_SEOhio/RedRoute/TRCVan1/1695139554/20230919120947.record.00000,/Deployment_2_SEOhio/RedRoute/TRCVan1/1695139554/20230919120947.record.00000,Van1,1695139554,RedRoute,False,both,45096,10558,0.8102921622884249
1b6aca0e-efdf-11ee-b966-fb353e7798cd,1.69515e+18,1.69515e+18,1577642,/Deployment_2_SEOhio/RedRoute/TRCVan1/1695147555/20230919142543.record.00000,/Deployment_2_SEOhio/RedRoute/TRCVan1/1695147555/20230919142543.record.00000,Van1,1695147555,RedRoute,False,both,36862,18191,0.6695729569687392
72a03d4a-efe9-11ee-b966-fb353e7798cd,1.69515e+18,1.69515e+18,1506107,/Deployment_2_SEOhio/RedRoute/TRCVan1/1695149842/20230919145613.record.00000,/Deployment_2_SEOhio/RedRoute/TRCVan1/1695149842/20230919145613.record.00000,Van1,1695149842,RedRoute,False,both,33025,19930,0.6236427155131715
82d39c74-ea59-11ee-b297-3b0ad9d5d6c6,1.69531e+18,1.69531e+18,1280633,/Deployment_2_SEOhio/Blue Route/TRCVan1/1695308968/20230921111141.record.00000,/Deployment_2_SEOhio/Blue Route/TRCVan1/1695308968/20230921111141.record.00000,Van1,1695308968,Blue Route,False,both,35208,6871,0.8367118990470306
b76f33be-ea61-11ee-b297-3b0ad9d5d6c6,1.69531e+18,1.69531e+18,674245,/Deployment_2_SEOhio/Blue Route/TRCVan1/1695312076/20230921120821.record.00000,/Deployment_2_SEOhio/Blue Route/TRCVan1/1695312076/20230921120821.record.00000,Van1,1695312076,Blue Route,False,both,12043,10457,0.5352444444444444
17876fec-ea66-11ee-b297-3b0ad9d5d6c6,1.69531e+18,1.69532e+18,1664056,/Deployment_2_SEOhio/Blue Route/TRCVan1/1695314661/20230921124925.record.00000,/Deployment_2_SEOhio/Blue Route/TRCVan1/1695314661/20230921124925.record.00000,Van1,1695314661,Blue Route,False,both,37779,18086,0.6762552582117605
5fcc4fd8-ea71-11ee-b297-3b0ad9d5d6c6,1.69532e+18,1.69532e+18,1692946,/Deployment_2_SEOhio/Blue Route/TRCVan1/1695321688/20230921144243.record.00000,/Deployment_2_SEOhio/Blue Route/TRCVan1/1695321688/20230921144243.record.00000,Van1,1695321688,Blue Route,False,both,42415,14220,0.7489185132868368
d1d090d4-ea7c-11ee-b297-3b0ad9d5d6c6,1.69591e+18,1.69591e+18,1667613,/Deployment_2_SEOhio/Blue Route/TRCVan1/1695912038/20230928104427.record.00000,/Deployment_2_SEOhio/Blue Route/TRCVan1/1695912038/20230928104427.record.00000,Van1,1695912038,Blue Route,False,both,41367,16612,0.713482467790062
36663b02-ea87-11ee-b297-3b0ad9d5d6c6,1.69592e+18,1.69592e+18,1539508,/Deployment_2_SEOhio/Blue Route/TRCVan1/1695917620/20230928121855.record.00000,/Deployment_2_SEOhio/Blue Route/TRCVan1/1695917620/20230928121855.record.00000,Van1,1695917620,Blue Route,False,both,35454,18151,0.6613935267232535
04115e66-ea91-11ee-b297-3b0ad9d5d6c6,1.69592e+18,1.69592e+18,1084824,/Deployment_2_SEOhio/Blue Route/TRCVan1/1695921887/20230928132657.record.00000,/Deployment_2_SEOhio/Blue Route/TRCVan1/1695921887/20230928132657.record.00000,Van1,1695921887,Blue Route,False,both,26808,8409,0.7612232728511799
0f4f0a06-ea98-11ee-b297-3b0ad9d5d6c6,1.69593e+18,1.69593e+18,1760571,/Deployment_2_SEOhio/Blue Route/TRCVan1/1695928123/20230928151114.record.00000,/Deployment_2_SEOhio/Blue Route/TRCVan1/1695928123/20230928151114.record.00000,Van1,1695928123,Blue Route,False,both,40229,18472,0.6853205226486772
3151e9e2-eff3-11ee-b966-fb353e7798cd,1.69634e+18,1.69635e+18,881750,/Deployment_2_SEOhio/RedRoute/TRCVan1/1696344843/20231003105550.record.00000,/Deployment_2_SEOhio/RedRoute/TRCVan1/1696344843/20231003105550.record.00000,Van1,1696344843,RedRoute,False,both,27923,786,0.9726218259082517
f41cbd44-eff8-11ee-b966-fb353e7798cd,1.69635e+18,1.69635e+18,791033,/Deployment_2_SEOhio/RedRoute/TRCVan1/1696349012/20231003120619.record.00000,/Deployment_2_SEOhio/RedRoute/TRCVan1/1696349012/20231003120619.record.00000,Van1,1696349012,RedRoute,False,both,22735,2561,0.898758697027198
5a4bccf4-effe-11ee-b966-fb353e7798cd,1.69635e+18,1.69635e+18,1649945,/Deployment_2_SEOhio/RedRoute/TRCVan1/1696352389/20231003130554.record.00000,/Deployment_2_SEOhio/RedRoute/TRCVan1/1696352389/20231003130554.record.00000,Van1,1696352389,RedRoute,False,both,44958,9621,0.8237234101027868
2f95c748-f009-11ee-b966-fb353e7798cd,1.69636e+18,1.69636e+18,1624953,/Deployment_2_SEOhio/RedRoute/TRCVan1/1696354925/20231003134503.record.00000,/Deployment_2_SEOhio/RedRoute/TRCVan1/1696354925/20231003134503.record.00000,Van1,1696354925,RedRoute,False,both,47636,6867,0.8740069353980515
fcc6fcd2-f013-11ee-b966-fb353e7798cd,1.69636e+18,1.69636e+18,1658220,/Deployment_2_SEOhio/RedRoute/TRCVan1/1696357557/20231003142915.record.00000,/Deployment_2_SEOhio/RedRoute/TRCVan1/1696357557/20231003142915.record.00000,Van1,1696357557,RedRoute,False,both,49382,6196,0.8885170391161971
14b6bc9c-f064-11ee-b998-fb353e7798cd,1.69651e+18,1.69651e+18,780803,/Deployment_2_SEOhio/GreenRoute/TRCVan1/1696513206/20231005094602.record.00000,/Deployment_2_SEOhio/GreenRoute/TRCVan1/1696513206/20231005094602.record.00000,Van1,1696513206,GreenRoute,False,both,22534,3251,0.8739189451231336
25e27b86-f06a-11ee-b9a3-fb353e7798cd,1.69652e+18,1.69652e+18,733768,/Deployment_2_SEOhio/GreenRoute/TRCVan1/1696516109/20231005103035.record.00000,/Deployment_2_SEOhio/GreenRoute/TRCVan1/1696516109/20231005103035.record.00000,Van1,1696516109,GreenRoute,False,both,22786,1468,0.9394739012121712
c2f54552-f06f-11ee-b9a9-fb353e7798cd,1.69652e+18,1.69652e+18,716970,/Deployment_2_SEOhio/GreenRoute/TRCVan1/1696517463/20231005105301.record.00000,/Deployment_2_SEOhio/GreenRoute/TRCVan1/1696517463/20231005105301.record.00000,Van1,1696517463,GreenRoute,False,both,22784,585,0.9749668364072062
c4146d46-f074-11ee-b9ac-fb353e7798cd,1.69653e+18,1.69653e+18,729358,/Deployment_2_SEOhio/GreenRoute/TRCVan1/1696527185/20231005133640.record.00000,/Deployment_2_SEOhio/GreenRoute/TRCVan1/1696527185/20231005133640.record.00000,Van1,1696527185,GreenRoute,False,both,21804,1930,0.9186820594927109
c1b320e2-f079-11ee-b9b0-fb353e7798cd,1.69653e+18,1.69653e+18,734423,/Deployment_2_SEOhio/GreenRoute/TRCVan1/1696528998/20231005140613.record.00000,/Deployment_2_SEOhio/GreenRoute/TRCVan1/1696528998/20231005140613.record.00000,Van1,1696528998,GreenRoute,False,both,23184,1067,0.9560018143581708
ba87f3ec-f07e-11ee-b9b4-fb353e7798cd,1.69653e+18,1.69653e+18,1009757,/Deployment_2_SEOhio/GreenRoute/TRCVan1/1696532836/20231005151017.record.00000,/Deployment_2_SEOhio/GreenRoute/TRCVan1/1696532836/20231005151017.record.00000,Van1,1696532836,GreenRoute,False,both,26341,6992,0.7902379023790238
cf6fdf3a-eaa3-11ee-b297-3b0ad9d5d6c6,1.69696e+18,1.69696e+18,1696256,/Deployment_2_SEOhio/Blue Route/TRCVan1/1696956495/20231010125131.record.00000,/Deployment_2_SEOhio/Blue Route/TRCVan1/1696956495/20231010125131.record.00000,Van1,1696956495,Blue Route,False,both,45395,11320,0.8004055364542009
f43b6a70-f01e-11ee-b966-fb353e7798cd,1.69696e+18,1.69696e+18,1670355,/Deployment_2_SEOhio/RedRoute/TRCVan1/1696959404/20231010133914.record.00000,/Deployment_2_SEOhio/RedRoute/TRCVan1/1696959404/20231010133914.record.00000,Van1,1696959404,RedRoute,False,both,43579,12311,0.77972803721596
457dc5ee-f02a-11ee-b966-fb353e7798cd,1.69696e+18,1.69696e+18,1659407,/Deployment_2_SEOhio/RedRoute/TRCVan1/1696962630/20231010143258.record.00000,/Deployment_2_SEOhio/RedRoute/TRCVan1/1696962630/20231010143258.record.00000,Van1,1696962630,RedRoute,False,both,53747,1761,0.9682748432658356
621c07b8-eaaf-11ee-b297-3b0ad9d5d6c6,1.69816e+18,1.69816e+18,1546626,/Deployment_2_SEOhio/Blue Route/TRCVan1/1698160509/20231024112559.record.00000,/Deployment_2_SEOhio/Blue Route/TRCVan1/1698160509/20231024112559.record.00000,Van1,1698160509,Blue Route,True,0,0,51680,0.0
6458c26e-eab9-11ee-b297-3b0ad9d5d6c6,1.69816e+18,1.69817e+18,1635268,/Deployment_2_SEOhio/Blue Route/TRCVan1/1698164674/20231024122917.record.00000,/Deployment_2_SEOhio/Blue Route/TRCVan1/1698164674/20231024122917.record.00000,Van1,1698164674,Blue Route,True,0,0,54707,0.0
81acf35c-eac4-11ee-b297-3b0ad9d5d6c6,1.69817e+18,1.69817e+18,1575979,/Deployment_2_SEOhio/Blue Route/TRCVan1/1698167491/20231024131527.record.00000,/Deployment_2_SEOhio/Blue Route/TRCVan1/1698167491/20231024131527.record.00000,Van1,1698167491,Blue Route,True,0,0,53083,0.0
baec243e-eacf-11ee-b297-3b0ad9d5d6c6,1.69817e+18,1.69817e+18,1594106,/Deployment_2_SEOhio/Blue Route/TRCVan1/1698169490/20231024135806.record.00000,/Deployment_2_SEOhio/Blue Route/TRCVan1/1698169490/20231024135806.record.00000,Van1,1698169490,Blue Route,True,0,0,53506,0.0
787f70da-f036-11ee-b966-fb353e7798cd,1.69833e+18,1.69834e+18,1403611,/Deployment_2_SEOhio/RedRoute/TRCVan1/1698334427/20231026113811.record.00000,/Deployment_2_SEOhio/RedRoute/TRCVan1/1698334427/20231026113811.record.00000,Van1,1698334427,RedRoute,True,0,0,47199,0.0
6daff50c-f041-11ee-b972-fb353e7798cd,1.69834e+18,1.69834e+18,1260025,/Deployment_2_SEOhio/RedRoute/TRCVan1/1698336678/20231026121914.record.00000,/Deployment_2_SEOhio/RedRoute/TRCVan1/1698336678/20231026121914.record.00000,Van1,1698336678,RedRoute,True,0,0,45675,0.0
23a7aa3e-f048-11ee-b97d-fb353e7798cd,1.69834e+18,1.69834e+18,1308288,/Deployment_2_SEOhio/RedRoute/TRCVan1/1698339871/20231026130859.record.00000,/Deployment_2_SEOhio/RedRoute/TRCVan1/1698339871/20231026130859.record.00000,Van1,1698339871,RedRoute,True,0,0,43798,0.0
ef63db62-f051-11ee-b986-fb353e7798cd,1.69834e+18,1.69834e+18,1387752,/Deployment_2_SEOhio/RedRoute/TRCVan1/1698341985/20231026134501.record.00000,/Deployment_2_SEOhio/RedRoute/TRCVan1/1698341985/20231026134501.record.00000,Van1,1698341985,RedRoute,True,0,0,46412,0.0
48021fe0-f05c-11ee-b992-fb353e7798cd,1.69834e+18,1.69835e+18,1396272,/Deployment_2_SEOhio/RedRoute/TRCVan1/1698344425/20231026142225.record.00000,/Deployment_2_SEOhio/RedRoute/TRCVan1/1698344425/20231026142225.record.00000,Van1,1698344425,RedRoute,True,0,0,46687,0.0
05d0240e-eadb-11ee-b297-3b0ad9d5d6c6,1.69877e+18,1.69877e+18,1452437,/Deployment_2_SEOhio/Blue Route/TRCVan1/1698766201/20231031113420.record.00000,/Deployment_2_SEOhio/Blue Route/TRCVan1/1698766201/20231031113420.record.00000,Van1,1698766201,Blue Route,True,0,0,48637,0.0
d54c11ca-eae5-11ee-b297-3b0ad9d5d6c6,1.69877e+18,1.69877e+18,1457171,/Deployment_2_SEOhio/Blue Route/TRCVan1/1698770052/20231031123713.record.00000,/Deployment_2_SEOhio/Blue Route/TRCVan1/1698770052/20231031123713.record.00000,Van1,1698770052,Blue Route,True,0,0,48902,0.0
23765aa8-eaf1-11ee-b297-3b0ad9d5d6c6,1.69877e+18,1.69878e+18,1887906,/Deployment_2_SEOhio/Blue Route/TRCVan1/1698773934/20231031134105.record.00000,/Deployment_2_SEOhio/Blue Route/TRCVan1/1698773934/20231031134105.record.00000,Van1,1698773934,Blue Route,True,0,0,63231,0.0
f93290be-eafe-11ee-b297-3b0ad9d5d6c6,1.69878e+18,1.69878e+18,1414731,/Deployment_2_SEOhio/Blue Route/TRCVan1/1698778736/20231031150232.record.00000,/Deployment_2_SEOhio/Blue Route/TRCVan1/1698778736/20231031150232.record.00000,Van1,1698778736,Blue Route,True,0,0,47259,0.0
bb52690a-f066-11ee-b99e-fb353e7798cd,1.69878e+18,1.69878e+18,1332082,/Deployment_2_SEOhio/RedRoute/TRCVan1/1698781194/20231031154315.record.00000,/Deployment_2_SEOhio/RedRoute/TRCVan1/1698781194/20231031154315.record.00000,Van1,1698781194,RedRoute,True,0,0,44800,0.0
879e3fa2-f085-11ee-b9bd-fb353e7798cd,1.69894e+18,1.69894e+18,635113,/Deployment_2_SEOhio/GreenRoute/TRCVan1/1698939039/20231102113834.record.00000,/Deployment_2_SEOhio/GreenRoute/TRCVan1/1698939039/20231102113834.record.00000,Van1,1698939039,GreenRoute,True,0,0,21295,0.0
a2ed8b42-f089-11ee-b9c3-fb353e7798cd,1.69894e+18,1.69894e+18,611346,/Deployment_2_SEOhio/GreenRoute/TRCVan1/1698940788/20231102120203.record.00000,/Deployment_2_SEOhio/GreenRoute/TRCVan1/1698940788/20231102120203.record.00000,Van1,1698940788,GreenRoute,True,0,0,20367,0.0
b6227b56-f08d-11ee-b9c9-fb353e7798cd,1.69894e+18,1.69894e+18,601443,/Deployment_2_SEOhio/GreenRoute/TRCVan1/1698942399/20231102123149.record.00000,/Deployment_2_SEOhio/GreenRoute/TRCVan1/1698942399/20231102123149.record.00000,Van1,1698942399,GreenRoute,True,0,0,20142,0.0
d1a3a310-f091-11ee-b9ce-fb353e7798cd,1.69894e+18,1.69894e+18,104741,/Deployment_2_SEOhio/GreenRoute/TRCVan1/1698944496/20231102130438.record.00000,/Deployment_2_SEOhio/GreenRoute/TRCVan1/1698944496/20231102130438.record.00000,Van1,1698944496,GreenRoute,False,both,2121,1355,0.6101841196777905
878e1a02-f092-11ee-b9cf-fb353e7798cd,1.69895e+18,1.69895e+18,644520,/Deployment_2_SEOhio/GreenRoute/TRCVan1/1698945333/20231102131747.record.00000,/Deployment_2_SEOhio/GreenRoute/TRCVan1/1698945333/20231102131747.record.00000,Van1,1698945333,GreenRoute,True,0,0,21550,0.0
e640cf0a-f096-11ee-b9d5-fb353e7798cd,1.69895e+18,1.69895e+18,640791,/Deployment_2_SEOhio/GreenRoute/TRCVan1/1698949425/20231102142217.record.00000,/Deployment_2_SEOhio/GreenRoute/TRCVan1/1698949425/20231102142217.record.00000,Van1,1698949425,GreenRoute,True,0,0,21448,0.0
079f0d30-eb09-11ee-b297-3b0ad9d5d6c6,1.69937e+18,1.69937e+18,711017,/Deployment_2_SEOhio/Blue Route/TRCVan1/1699373131/20231107111450.record.00000,/Deployment_2_SEOhio/Blue Route/TRCVan1/1699373131/20231107111450.record.00000,Van1,1699373131,Blue Route,True,0,0,22790,0.0
bcf44e58-eb0d-11ee-b297-3b0ad9d5d6c6,1.69938e+18,1.69938e+18,1595483,/Deployment_2_SEOhio/Blue Route/TRCVan1/1699377156/20231107121606.record.00000,/Deployment_2_SEOhio/Blue Route/TRCVan1/1699377156/20231107121606.record.00000,Van1,1699377156,Blue Route,True,0,0,53609,0.0
e9e14d3a-eb17-11ee-b297-3b0ad9d5d6c6,1.69938e+18,1.69938e+18,1490185,/Deployment_2_SEOhio/Blue Route/TRCVan1/1699379931/20231107130310.record.00000,/Deployment_2_SEOhio/Blue Route/TRCVan1/1699379931/20231107130310.record.00000,Van1,1699379931,Blue Route,True,0,0,50136,0.0
599673dc-f070-11ee-b9a9-fb353e7798cd,1.69938e+18,1.69939e+18,1419466,/Deployment_2_SEOhio/RedRoute/TRCVan1/1699382954/20231107135758.record.00000,/Deployment_2_SEOhio/RedRoute/TRCVan1/1699382954/20231107135758.record.00000,Van1,1699382954,RedRoute,True,0,0,47754,0.0
26af7004-f07a-11ee-b9b2-fb353e7798cd,1.69939e+18,1.69939e+18,1362300,/Deployment_2_SEOhio/RedRoute/TRCVan1/1699385598/20231107143718.record.00000,/Deployment_2_SEOhio/RedRoute/TRCVan1/1699385598/20231107143718.record.00000,Van1,1699385598,RedRoute,True,0,0,45871,0.0
5230b9be-f083-11ee-b9b8-fb353e7798cd,1.69939e+18,1.69939e+18,682381,/Deployment_2_SEOhio/RedRoute/TRCVan1/1699388000/20231107151528.record.00000,/Deployment_2_SEOhio/RedRoute/TRCVan1/1699388000/20231107151528.record.00000,Van1,1699388000,RedRoute,True,0,0,22208,0.0
31b48540-f09b-11ee-b9da-fb353e7798cd,1.69955e+18,1.69955e+18,610629,/Deployment_2_SEOhio/GreenRoute/TRCVan1/1699545317/20231109110040.record.00000,/Deployment_2_SEOhio/GreenRoute/TRCVan1/1699545317/20231109110040.record.00000,Van1,1699545317,GreenRoute,True,0,0,20380,0.0
2c8690b4-f09f-11ee-b9de-fb353e7798cd,1.69955e+18,1.69955e+18,573256,/Deployment_2_SEOhio/GreenRoute/TRCVan1/1699546813/20231109112244.record.00000,/Deployment_2_SEOhio/GreenRoute/TRCVan1/1699546813/20231109112244.record.00000,Van1,1699546813,GreenRoute,True,0,0,19178,0.0
00ff88b6-f0a3-11ee-b9e3-fb353e7798cd,1.69955e+18,1.69955e+18,553148,/Deployment_2_SEOhio/GreenRoute/TRCVan1/1699548107/20231109114602.record.00000,/Deployment_2_SEOhio/GreenRoute/TRCVan1/1699548107/20231109114602.record.00000,Van1,1699548107,GreenRoute,True,0,0,18481,0.0
900701bc-f0a6-11ee-b9e4-fb353e7798cd,1.69955e+18,1.69955e+18,561346,/Deployment_2_SEOhio/GreenRoute/TRCVan1/1699549402/20231109120510.record.00000,/Deployment_2_SEOhio/GreenRoute/TRCVan1/1699549402/20231109120510.record.00000,Van1,1699549402,GreenRoute,True,0,0,18784,0.0
41cd65b4-f0aa-11ee-b9e8-fb353e7798cd,1.69955e+18,1.69955e+18,544880,/Deployment_2_SEOhio/GreenRoute/TRCVan1/1699550517/20231109122347.record.00000,/Deployment_2_SEOhio/GreenRoute/TRCVan1/1699550517/20231109122347.record.00000,Van1,1699550517,GreenRoute,True,0,0,18229,0.0
b2bfb60c-f0ad-11ee-b9ea-fb353e7798cd,1.69956e+18,1.69956e+18,584208,/Deployment_2_SEOhio/GreenRoute/TRCVan1/1699555006/20231109133822.record.00000,/Deployment_2_SEOhio/GreenRoute/TRCVan1/1699555006/20231109133822.record.00000,Van1,1699555006,GreenRoute,True,0,0,19545,0.0
7aa336e6-f0b1-11ee-b9ed-fb353e7798cd,1.69956e+18,1.69956e+18,588638,/Deployment_2_SEOhio/GreenRoute/TRCVan1/1699556353/20231109140133.record.00000,/Deployment_2_SEOhio/GreenRoute/TRCVan1/1699556353/20231109140133.record.00000,Van1,1699556353,GreenRoute,True,0,0,19651,0.0
56b8baa4-f0b5-11ee-b9f0-fb353e7798cd,1.69956e+18,1.69956e+18,586081,/Deployment_2_SEOhio/GreenRoute/TRCVan1/1699557214/20231109141440.record.00000,/Deployment_2_SEOhio/GreenRoute/TRCVan1/1699557214/20231109141440.record.00000,Van1,1699557214,GreenRoute,True,0,0,19587,0.0
471890c0-f0b9-11ee-b9f5-fb353e7798cd,1.69998e+18,1.69998e+18,643424,/Deployment_2_SEOhio/GreenRoute/TRCVan1/1699981669/20231114121040.record.00000,/Deployment_2_SEOhio/GreenRoute/TRCVan1/1699981669/20231114121040.record.00000,Van1,1699981669,GreenRoute,True,0,0,21295,0.0
6c415180-f0bd-11ee-b9fa-fb353e7798cd,1.69998e+18,1.69998e+18,750482,/Deployment_2_SEOhio/GreenRoute/TRCVan1/1699983214/20231114123548.record.00000,/Deployment_2_SEOhio/GreenRoute/TRCVan1/1699983214/20231114123548.record.00000,Van1,1699983214,GreenRoute,True,0,0,25135,0.0
3b6d2a5c-f0c2-11ee-ba01-fb353e7798cd,1.69998e+18,1.69999e+18,661440,/Deployment_2_SEOhio/GreenRoute/TRCVan1/1699984623/20231114130142.record.00000,/Deployment_2_SEOhio/GreenRoute/TRCVan1/1699984623/20231114130142.record.00000,Van1,1699984623,GreenRoute,True,0,0,22182,0.0
781c0bcc-eb21-11ee-b297-3b0ad9d5d6c6,1.69999e+18,1.69999e+18,1491010,/Deployment_2_SEOhio/Blue Route/TRCVan1/1699990938/20231114144739.record.00000,/Deployment_2_SEOhio/Blue Route/TRCVan1/1699990938/20231114144739.record.00000,Van1,1699990938,Blue Route,True,0,0,50062,0.0
593d4b54-d0a9-11ee-9435-f7e542e2436c,1.69999e+18,1.7e+18,1756748,/Deployment_2_SEOhio/Blue Route/TRCVan1/1699993490/20231114152701.record.00000,/Deployment_2_SEOhio/Blue Route/TRCVan1/1699993490/20231114152701.record.00000,Van1,1699993490,Blue Route,True,0,0,59130,0.0
4bbe3c64-f088-11ee-b9c3-fb353e7798cd,1.70015e+18,1.70015e+18,607638,/Deployment_2_SEOhio/RedRoute/TRCVan1/1700151609/20231116112402.record.00000,/Deployment_2_SEOhio/RedRoute/TRCVan1/1700151609/20231116112402.record.00000,Van1,1700151609,RedRoute,True,0,0,19626,0.0
5c2ad8ec-f08c-11ee-b9c8-fb353e7798cd,1.70015e+18,1.70016e+18,1450588,/Deployment_2_SEOhio/RedRoute/TRCVan1/1700154305/20231116120910.record.00000,/Deployment_2_SEOhio/RedRoute/TRCVan1/1700154305/20231116120910.record.00000,Van1,1700154305,RedRoute,True,0,0,48500,0.0
6c5f7416-f096-11ee-b9d4-fb353e7798cd,1.70016e+18,1.70016e+18,349139,/Deployment_2_SEOhio/RedRoute/TRCVan1/1700157378/20231116130006.record.00000,/Deployment_2_SEOhio/RedRoute/TRCVan1/1700157378/20231116130006.record.00000,Van1,1700157378,RedRoute,True,0,0,11625,0.0
ede139be-f098-11ee-b9d8-fb353e7798cd,1.70016e+18,1.70016e+18,1413248,/Deployment_2_SEOhio/RedRoute/TRCVan1/1700159117/20231116132717.record.00000,/Deployment_2_SEOhio/RedRoute/TRCVan1/1700159117/20231116132717.record.00000,Van1,1700159117,RedRoute,True,0,0,47358,0.0
dbff355c-f0a2-11ee-b9e3-fb353e7798cd,1.70016e+18,1.70016e+18,1379263,/Deployment_2_SEOhio/RedRoute/TRCVan1/1700163302/20231116143619.record.00000,/Deployment_2_SEOhio/RedRoute/TRCVan1/1700163302/20231116143619.record.00000,Van1,1700163302,RedRoute,True,0,0,46179,0.0
d4b936f6-eb36-11ee-b297-3b0ad9d5d6c6,1.7005e+18,1.7005e+18,1266107,/Deployment_2_SEOhio/Blue Route/TRCVan1/1700496073/20231120110411.record.00000,/Deployment_2_SEOhio/Blue Route/TRCVan1/1700496073/20231120110411.record.00000,Van1,1700496073,Blue Route,True,0,0,41485,0.0
cc0299e6-eb3e-11ee-b297-3b0ad9d5d6c6,1.7005e+18,1.7005e+18,1780666,/Deployment_2_SEOhio/Blue Route/TRCVan1/1700501626/20231120123540.record.00000,/Deployment_2_SEOhio/Blue Route/TRCVan1/1700501626/20231120123540.record.00000,Van1,1700501626,Blue Route,True,0,0,59604,0.0
60c57e4e-eb4a-11ee-b297-3b0ad9d5d6c6,1.7005e+18,1.70051e+18,776694,/Deployment_2_SEOhio/Blue Route/TRCVan1/1700504139/20231120132605.record.00000,/Deployment_2_SEOhio/Blue Route/TRCVan1/1700504139/20231120132605.record.00000,Van1,1700504139,Blue Route,True,0,0,25533,0.0
54a02cb8-eb4f-11ee-b297-3b0ad9d5d6c6,1.70051e+18,1.70051e+18,1542631,/Deployment_2_SEOhio/Blue Route/TRCVan1/1700511459/20231120151919.record.00000,/Deployment_2_SEOhio/Blue Route/TRCVan1/1700511459/20231120151919.record.00000,Van1,1700511459,Blue Route,True,0,0,51706,0.0
eb22edf4-f0ab-11ee-b9e9-fb353e7798cd,1.70058e+18,1.70058e+18,1540178,/Deployment_2_SEOhio/RedRoute/TRCVan1/1700582322/20231121110208.record.00000,/Deployment_2_SEOhio/RedRoute/TRCVan1/1700582322/20231121110208.record.00000,Van1,1700582322,RedRoute,True,0,0,50967,0.0
d1d69a76-f0b5-11ee-b9f0-fb353e7798cd,1.70058e+18,1.70059e+18,1444342,/Deployment_2_SEOhio/RedRoute/TRCVan1/1700584695/20231121114000.record.00000,/Deployment_2_SEOhio/RedRoute/TRCVan1/1700584695/20231121114000.record.00000,Van1,1700584695,RedRoute,True,0,0,47815,0.0
906d3c4e-f0be-11ee-b9fb-fb353e7798cd,1.70059e+18,1.70059e+18,1430595,/Deployment_2_SEOhio/RedRoute/TRCVan1/1700586898/20231121121659.record.00000,/Deployment_2_SEOhio/RedRoute/TRCVan1/1700586898/20231121121659.record.00000,Van1,1700586898,RedRoute,True,0,0,47350,0.0
2bb03aaa-f0c7-11ee-ba06-fb353e7798cd,1.70059e+18,1.70059e+18,1435072,/Deployment_2_SEOhio/RedRoute/TRCVan1/1700592077/20231121134246.record.00000,/Deployment_2_SEOhio/RedRoute/TRCVan1/1700592077/20231121134246.record.00000,Van1,1700592077,RedRoute,True,0,0,47520,0.0
81a5a96e-f0c6-11ee-ba06-fb353e7798cd,1.70136e+18,1.70136e+18,632610,/Deployment_2_SEOhio/GreenRoute/TRCVan1/1701360201/20231130110626.record.00000,/Deployment_2_SEOhio/GreenRoute/TRCVan1/1701360201/20231130110626.record.00000,Van1,1701360201,GreenRoute,True,0,0,21753,0.0
8be24d52-f0ca-11ee-ba0a-fb353e7798cd,1.70136e+18,1.70137e+18,636111,/Deployment_2_SEOhio/GreenRoute/TRCVan1/1701363998/20231130121651.record.00000,/Deployment_2_SEOhio/GreenRoute/TRCVan1/1701363998/20231130121651.record.00000,Van1,1701363998,GreenRoute,True,0,0,21850,0.0
ba80ba8c-f0ce-11ee-ba0d-fb353e7798cd,1.70137e+18,1.70137e+18,694332,/Deployment_2_SEOhio/GreenRoute/TRCVan1/1701366125/20231130124417.record.00000,/Deployment_2_SEOhio/GreenRoute/TRCVan1/1701366125/20231130124417.record.00000,Van1,1701366125,GreenRoute,True,0,0,23909,0.0
240ebe64-f0d3-11ee-ba14-fb353e7798cd,1.70137e+18,1.70137e+18,700938,/Deployment_2_SEOhio/GreenRoute/TRCVan1/1701370372/20231130135608.record.00000,/Deployment_2_SEOhio/GreenRoute/TRCVan1/1701370372/20231130135608.record.00000,Van1,1701370372,GreenRoute,True,0,0,23204,0.0
b3ee0dd8-f0d7-11ee-ba18-fb353e7798cd,1.70137e+18,1.70137e+18,739768,/Deployment_2_SEOhio/GreenRoute/TRCVan1/1701371909/20231130142015.record.00000,/Deployment_2_SEOhio/GreenRoute/TRCVan1/1701371909/20231130142015.record.00000,Van1,1701371909,GreenRoute,False,both,22230,2261,0.9076803723816912
70060810-eb59-11ee-b297-3b0ad9d5d6c6,1.7018e+18,1.7018e+18,772495,/Deployment_2_SEOhio/Blue Route/TRCVan1/1701803039/20231205140700.record.00000,/Deployment_2_SEOhio/Blue Route/TRCVan1/1701803039/20231205140700.record.00000,Van1,1701803039,Blue Route,False,both,1912,22480,0.07838635618235487
dd72fdec-f0cf-11ee-ba0d-fb353e7798cd,1.70181e+18,1.70181e+18,1557584,/Deployment_2_SEOhio/RedRoute/TRCVan1/1701805296/20231205144430.record.00000,/Deployment_2_SEOhio/RedRoute/TRCVan1/1701805296/20231205144430.record.00000,Van1,1701805296,RedRoute,False,both,17779,34565,0.3396568852208467
211bdb36-f0da-11ee-ba1b-fb353e7798cd,1.70197e+18,1.70197e+18,396364,/Deployment_2_SEOhio/RedRoute/TRCVan1/1701966113/20231207112321.record.00000,/Deployment_2_SEOhio/RedRoute/TRCVan1/1701966113/20231207112321.record.00000,Van1,1701966113,RedRoute,False,both,10931,1894,0.8523196881091618
f0eebb6a-f0dc-11ee-ba1e-fb353e7798cd,1.70197e+18,1.70197e+18,435231,/Deployment_2_SEOhio/RedRoute/TRCVan1/1701968804/20231207121612.record.00000,/Deployment_2_SEOhio/RedRoute/TRCVan1/1701968804/20231207121612.record.00000,Van1,1701968804,RedRoute,False,both,11393,2852,0.7997893997893998
1f70a4f0-f0e0-11ee-ba1e-fb353e7798cd,1.70197e+18,1.70197e+18,276265,/Deployment_2_SEOhio/RedRoute/TRCVan1/1701972261/20231207130736.record.00000,/Deployment_2_SEOhio/RedRoute/TRCVan1/1701972261/20231207130736.record.00000,Van1,1701972261,RedRoute,True,1,8267,0,1.0
f711e68e-f0e1-11ee-ba1f-fb353e7798cd,1.70198e+18,1.70198e+18,354308,/Deployment_2_SEOhio/RedRoute/TRCVan1/1701976116/20231207141308.record.00000,/Deployment_2_SEOhio/RedRoute/TRCVan1/1701976116/20231207141308.record.00000,Van1,1701976116,RedRoute,False,both,10586,201,0.9813664596273292
622bd2e8-f0e4-11ee-ba1f-fb353e7798cd,1.70198e+18,1.70198e+18,305462,/Deployment_2_SEOhio/RedRoute/TRCVan1/1701978705/20231207145426.record.00000,/Deployment_2_SEOhio/RedRoute/TRCVan1/1701978705/20231207145426.record.00000,Van1,1701978705,RedRoute,False,both,8974,734,0.9243922538112896
7d27535e-f0e6-11ee-ba21-fb353e7798cd,1.70231e+18,1.70232e+18,1422636,/Deployment_2_SEOhio/RedRoute/TRCVan1/1702313267/20231211115132.record.00000,/Deployment_2_SEOhio/RedRoute/TRCVan1/1702313267/20231211115132.record.00000,Van1,1702313267,RedRoute,True,0,0,47527,0.0
8dbbbf1c-f0ef-11ee-ba29-fb353e7798cd,1.70232e+18,1.70232e+18,1612292,/Deployment_2_SEOhio/RedRoute/TRCVan1/1702315919/20231211123919.record.00000,/Deployment_2_SEOhio/RedRoute/TRCVan1/1702315919/20231211123919.record.00000,Van1,1702315919,RedRoute,False,both,44430,9214,0.8282380135709492
d21965e6-f0fa-11ee-ba37-fb353e7798cd,1.70232e+18,1.70232e+18,1638355,/Deployment_2_SEOhio/RedRoute/TRCVan1/1702320124/20231211134351.record.00000,/Deployment_2_SEOhio/RedRoute/TRCVan1/1702320124/20231211134351.record.00000,Van1,1702320124,RedRoute,False,both,51527,2981,0.9453107800689807
80340ab8-d054-11ee-9435-f7e542e2436c,1.70232e+18,1.70233e+18,1453126,/Deployment_2_SEOhio/Blue Route/TRCVan1/1702323716/20231211144257.record.00000,/Deployment_2_SEOhio/Blue Route/TRCVan1/1702323716/20231211144257.record.00000,Van1,1702323716,Blue Route,False,both,32055,16348,0.6622523397310084
171c50bc-f106-11ee-ba42-fb353e7798cd,1.70248e+18,1.70249e+18,1604186,/Deployment_2_SEOhio/RedRoute/TRCVan1/1702483621/20231213111237.record.00000,/Deployment_2_SEOhio/RedRoute/TRCVan1/1702483621/20231213111237.record.00000,Van1,1702483621,RedRoute,False,both,33292,19844,0.6265432098765432
de933de8-f112-11ee-ba4d-fb353e7798cd,1.70249e+18,1.70249e+18,1577104,/Deployment_2_SEOhio/RedRoute/TRCVan1/1702486677/20231213120310.record.00000,/Deployment_2_SEOhio/RedRoute/TRCVan1/1702486677/20231213120310.record.00000,Van1,1702486677,RedRoute,False,both,28261,23862,0.5421982618038103
fc119dfc-eb67-11ee-b297-3b0ad9d5d6c6,1.70249e+18,1.70249e+18,1688862,/Deployment_2_SEOhio/Blue Route/TRCVan1/1702490730/20231213130935.record.00000,/Deployment_2_SEOhio/Blue Route/TRCVan1/1702490730/20231213130935.record.00000,Van1,1702490730,Blue Route,False,both,37632,18075,0.675534492972158
75f83e28-eb77-11ee-b297-3b0ad9d5d6c6,1.70249e+18,1.7025e+18,1702411,/Deployment_2_SEOhio/Blue Route/TRCVan1/1702493648/20231213135521.record.00000,/Deployment_2_SEOhio/Blue Route/TRCVan1/1702493648/20231213135521.record.00000,Van1,1702493648,Blue Route,False,both,43385,12715,0.7733511586452763
3343fd3c-eb87-11ee-b297-3b0ad9d5d6c6,1.70292e+18,1.70292e+18,1686118,/Deployment_2_SEOhio/Blue Route/TRCVan1/1702919336/20231218121831.record.00000,/Deployment_2_SEOhio/Blue Route/TRCVan1/1702919336/20231218121831.record.00000,Van1,1702919336,Blue Route,False,both,38230,17143,0.6904086829321149
64bbe8e0-eb94-11ee-b297-3b0ad9d5d6c6,1.70292e+18,1.70292e+18,1474775,/Deployment_2_SEOhio/Blue Route/TRCVan1/1702922788/20231218130841.record.00000,/Deployment_2_SEOhio/Blue Route/TRCVan1/1702922788/20231218130841.record.00000,Van1,1702922788,Blue Route,False,both,35086,13275,0.7255019540538864
2d35c522-eba2-11ee-b297-3b0ad9d5d6c6,1.70293e+18,1.70293e+18,1534653,/Deployment_2_SEOhio/Blue Route/TRCVan1/1702924975/20231218135408.record.00000,/Deployment_2_SEOhio/Blue Route/TRCVan1/1702924975/20231218135408.record.00000,Van1,1702924975,Blue Route,False,both,38564,11700,0.76722903071781
af10e22a-ebb1-11ee-b297-3b0ad9d5d6c6,1.70293e+18,1.70293e+18,1644763,/Deployment_2_SEOhio/Blue Route/TRCVan1/1702928477/20231218144411.record.00000,/Deployment_2_SEOhio/Blue Route/TRCVan1/1702928477/20231218144411.record.00000,Van1,1702928477,Blue Route,False,both,43818,10017,0.8139314572304263
a7c98b32-ebc2-11ee-b297-3b0ad9d5d6c6,1.70293e+18,1.70293e+18,1635185,/Deployment_2_SEOhio/Blue Route/TRCVan1/1702930497/20231218151754.record.00000,/Deployment_2_SEOhio/Blue Route/TRCVan1/1702930497/20231218151754.record.00000,Van1,1702930497,Blue Route,False,both,39992,13436,0.7485213745601558
c8f54ac0-ebd2-11ee-b297-3b0ad9d5d6c6,1.70301e+18,1.70301e+18,1609405,/Deployment_2_SEOhio/Blue Route/TRCVan1/1703009435/20231219131255.record.00000,/Deployment_2_SEOhio/Blue Route/TRCVan1/1703009435/20231219131255.record.00000,Van1,1703009435,Blue Route,False,both,41297,11985,0.7750647498217034
c7c02bda-ebe0-11ee-b297-3b0ad9d5d6c6,1.70301e+18,1.70301e+18,1600315,/Deployment_2_SEOhio/Blue Route/TRCVan1/1703011826/20231219135319.record.00000,/Deployment_2_SEOhio/Blue Route/TRCVan1/1703011826/20231219135319.record.00000,Van1,1703011826,Blue Route,False,both,43254,9069,0.8266727825239378
7228e03a-ebf0-11ee-b297-3b0ad9d5d6c6,1.70302e+18,1.70302e+18,1696587,/Deployment_2_SEOhio/Blue Route/TRCVan1/1703014351/20231219144334.record.00000,/Deployment_2_SEOhio/Blue Route/TRCVan1/1703014351/20231219144334.record.00000,Van1,1703014351,Blue Route,False,both,42822,12722,0.7709563589226559
21376e38-ec01-11ee-b297-3b0ad9d5d6c6,1.70302e+18,1.70302e+18,1568814,/Deployment_2_SEOhio/Blue Route/TRCVan1/1703017128/20231219152021.record.00000,/Deployment_2_SEOhio/Blue Route/TRCVan1/1703017128/20231219152021.record.00000,Van1,1703017128,Blue Route,False,both,46765,4561,0.9111366558859058
b224ef9c-ec10-11ee-b297-3b0ad9d5d6c6,1.70361e+18,1.70361e+18,1588085,/Deployment_2_SEOhio/Blue Route/TRCVan1/1703607716/20231226112253.record.00000,/Deployment_2_SEOhio/Blue Route/TRCVan1/1703607716/20231226112253.record.00000,Van1,1703607716,Blue Route,False,both,44085,8402,0.839922266465982
04151804-ec20-11ee-b297-3b0ad9d5d6c6,1.70361e+18,1.70361e+18,1646362,/Deployment_2_SEOhio/Blue Route/TRCVan1/1703610587/20231226121344.record.00000,/Deployment_2_SEOhio/Blue Route/TRCVan1/1703610587/20231226121344.record.00000,Van1,1703610587,Blue Route,False,both,42607,11724,0.784211591908855
5240e750-ec30-11ee-b297-3b0ad9d5d6c6,1.70361e+18,1.70362e+18,722861,/Deployment_2_SEOhio/Blue Route/TRCVan1/1703614799/20231226132134.record.00000,/Deployment_2_SEOhio/Blue Route/TRCVan1/1703614799/20231226132134.record.00000,Van1,1703614799,Blue Route,False,both,17562,5455,0.7630012599383065
e9d67bf2-ec35-11ee-b297-3b0ad9d5d6c6,1.70362e+18,1.70362e+18,1602459,/Deployment_2_SEOhio/Blue Route/TRCVan1/1703617396/20231226140504.record.00000,/Deployment_2_SEOhio/Blue Route/TRCVan1/1703617396/20231226140504.record.00000,Van1,1703617396,Blue Route,False,both,41563,10961,0.7913144467291143
cb205756-ec43-11ee-b297-3b0ad9d5d6c6,1.70362e+18,1.70362e+18,1683076,/Deployment_2_SEOhio/Blue Route/TRCVan1/1703619711/20231226144327.record.00000,/Deployment_2_SEOhio/Blue Route/TRCVan1/1703619711/20231226144327.record.00000,Van1,1703619711,Blue Route,False,both,44761,9834,0.8198736147998901
9189a2a8-f121-11ee-ba5b-fb353e7798cd,1.70362e+18,1.70362e+18,1603503,/Deployment_2_SEOhio/RedRoute/TRCVan1/1703622416/20231226152835.record.00000,/Deployment_2_SEOhio/RedRoute/TRCVan1/1703622416/20231226152835.record.00000,Van1,1703622416,RedRoute,False,both,39299,13597,0.7429484271022384
df8e3742-ec54-11ee-b297-3b0ad9d5d6c6,1.70369e+18,1.7037e+18,1496842,/Deployment_2_SEOhio/Blue Route/TRCVan1/1703694198/20231227112554.record.00000,/Deployment_2_SEOhio/Blue Route/TRCVan1/1703694198/20231227112554.record.00000,Van1,1703694198,Blue Route,False,both,40481,8718,0.8228012764487083
20f0b890-ec64-11ee-b297-3b0ad9d5d6c6,1.7037e+18,1.7037e+18,1598923,/Deployment_2_SEOhio/Blue Route/TRCVan1/1703696204/20231227120238.record.00000,/Deployment_2_SEOhio/Blue Route/TRCVan1/1703696204/20231227120238.record.00000,Van1,1703696204,Blue Route,False,both,44642,7362,0.8584339666179525
4d0254fc-ec73-11ee-b297-3b0ad9d5d6c6,1.7037e+18,1.7037e+18,1552770,/Deployment_2_SEOhio/Blue Route/TRCVan1/1703699571/20231227125515.record.00000,/Deployment_2_SEOhio/Blue Route/TRCVan1/1703699571/20231227125515.record.00000,Van1,1703699571,Blue Route,False,both,41742,8563,0.8297783520524799
bbbd0cc6-f0dc-11ee-ba1e-fb353e7798cd,1.70371e+18,1.70371e+18,259776,/Deployment_2_SEOhio/GreenRoute/TRCVan1/1703705713/20231227144712.record.00000,/Deployment_2_SEOhio/GreenRoute/TRCVan1/1703705713/20231227144712.record.00000,Van1,1703705713,GreenRoute,False,both,7073,1441,0.8307493540051679
c9be2042-f0de-11ee-ba1e-fb353e7798cd,1.70371e+18,1.70371e+18,783072,/Deployment_2_SEOhio/GreenRoute/TRCVan1/1703706755/20231227145511.record.00000,/Deployment_2_SEOhio/GreenRoute/TRCVan1/1703706755/20231227145511.record.00000,Van1,1703706755,GreenRoute,False,both,23088,2564,0.9000467799781694
044d976e-f0e5-11ee-ba20-fb353e7798cd,1.70371e+18,1.70371e+18,755552,/Deployment_2_SEOhio/GreenRoute/TRCVan1/1703708166/20231227151750.record.00000,/Deployment_2_SEOhio/GreenRoute/TRCVan1/1703708166/20231227151750.record.00000,Van1,1703708166,GreenRoute,False,both,23190,1565,0.9367804483942638
3d2a80f0-ec81-11ee-b297-3b0ad9d5d6c6,1.70439e+18,1.70439e+18,1683629,/Deployment_2_SEOhio/Blue Route/TRCVan1/1704388641/20240104122313.record.00000,/Deployment_2_SEOhio/Blue Route/TRCVan1/1704388641/20240104122313.record.00000,Van1,1704388641,Blue Route,False,both,42152,13056,0.7635125344153021
ba28b352-ec8f-11ee-b297-3b0ad9d5d6c6,1.70439e+18,1.70439e+18,1519525,/Deployment_2_SEOhio/Blue Route/TRCVan1/1704392147/20240104131920.record.00000,/Deployment_2_SEOhio/Blue Route/TRCVan1/1704392147/20240104131920.record.00000,Van1,1704392147,Blue Route,False,both,38105,11936,0.7614755900161867
6d62da08-ec9d-11ee-b297-3b0ad9d5d6c6,1.7044e+18,1.7044e+18,1613314,/Deployment_2_SEOhio/Blue Route/TRCVan1/1704397657/20240104144937.record.00000,/Deployment_2_SEOhio/Blue Route/TRCVan1/1704397657/20240104144937.record.00000,Van1,1704397657,Blue Route,False,both,38742,13722,0.7384492223238792
71a18322-ecab-11ee-b297-3b0ad9d5d6c6,1.7044e+18,1.7044e+18,1905959,/Deployment_2_SEOhio/Blue Route/TRCVan1/1704400698/20240104154010.record.00000,/Deployment_2_SEOhio/Blue Route/TRCVan1/1704400698/20240104154010.record.00000,Van1,1704400698,Blue Route,False,both,42091,19686,0.6813377146834583
25d3bdc8-ecbc-11ee-b297-3b0ad9d5d6c6,1.70448e+18,1.70448e+18,1552139,/Deployment_2_SEOhio/Blue Route/TRCVan1/1704478339/20240105131648.record.00000,/Deployment_2_SEOhio/Blue Route/TRCVan1/1704478339/20240105131648.record.00000,Van1,1704478339,Blue Route,False,both,38602,12217,0.7595977882288121
3441fc36-ecca-11ee-b297-3b0ad9d5d6c6,1.70448e+18,1.70448e+18,1639874,/Deployment_2_SEOhio/Blue Route/TRCVan1/1704481104/20240105140207.record.00000,/Deployment_2_SEOhio/Blue Route/TRCVan1/1704481104/20240105140207.record.00000,Van1,1704481104,Blue Route,False,both,35624,17511,0.6704432106897525
326699c2-ecd8-11ee-b297-3b0ad9d5d6c6,1.70449e+18,1.70449e+18,1653117,/Deployment_2_SEOhio/Blue Route/TRCVan1/1704485004/20240105150738.record.00000,/Deployment_2_SEOhio/Blue Route/TRCVan1/1704485004/20240105150738.record.00000,Van1,1704485004,Blue Route,False,both,38098,15436,0.7116598797026189
f9c5e53e-f0ea-11ee-ba28-fb353e7798cd,1.70482e+18,1.70482e+18,748992,/Deployment_2_SEOhio/GreenRoute/TRCVan1/1704816453/20240109111140.record.00000,/Deployment_2_SEOhio/GreenRoute/TRCVan1/1704816453/20240109111140.record.00000,Van1,1704816453,GreenRoute,False,both,22272,2252,0.9081715870167999
fa9cba86-f0f0-11ee-ba2a-fb353e7798cd,1.70482e+18,1.70482e+18,765351,/Deployment_2_SEOhio/GreenRoute/TRCVan1/1704819494/20240109120052.record.00000,/Deployment_2_SEOhio/GreenRoute/TRCVan1/1704819494/20240109120052.record.00000,Van1,1704819494,GreenRoute,False,both,23107,1898,0.9240951809638073
53fad09e-f0f7-11ee-ba2f-fb353e7798cd,1.70482e+18,1.70482e+18,780159,/Deployment_2_SEOhio/GreenRoute/TRCVan1/1704820960/20240109122415.record.00000,/Deployment_2_SEOhio/GreenRoute/TRCVan1/1704820960/20240109122415.record.00000,Van1,1704820960,GreenRoute,False,both,19945,5589,0.7811153755776612
a901fe40-f0fd-11ee-ba39-fb353e7798cd,1.70482e+18,1.70482e+18,758939,/Deployment_2_SEOhio/GreenRoute/TRCVan1/1704822214/20240109125301.record.00000,/Deployment_2_SEOhio/GreenRoute/TRCVan1/1704822214/20240109125301.record.00000,Van1,1704822214,GreenRoute,False,both,23430,1392,0.9439207154943196
961fd9cc-f103-11ee-ba3f-fb353e7798cd,1.70482e+18,1.70482e+18,764772,/Deployment_2_SEOhio/GreenRoute/TRCVan1/1704824055/20240109131528.record.00000,/Deployment_2_SEOhio/GreenRoute/TRCVan1/1704824055/20240109131528.record.00000,Van1,1704824055,GreenRoute,False,both,20268,4719,0.811141793732741
bb4d37d4-f109-11ee-ba46-fb353e7798cd,1.70483e+18,1.70483e+18,748243,/Deployment_2_SEOhio/GreenRoute/TRCVan1/1704825423/20240109134225.record.00000,/Deployment_2_SEOhio/GreenRoute/TRCVan1/1704825423/20240109134225.record.00000,Van1,1704825423,GreenRoute,False,both,23449,1059,0.9567896197160111
de493be2-f10f-11ee-ba4b-fb353e7798cd,1.70483e+18,1.70483e+18,735739,/Deployment_2_SEOhio/GreenRoute/TRCVan1/1704826706/20240109140045.record.00000,/Deployment_2_SEOhio/GreenRoute/TRCVan1/1704826706/20240109140045.record.00000,Van1,1704826706,GreenRoute,False,both,22680,1403,0.941743138313333
721a9830-ece6-11ee-b297-3b0ad9d5d6c6,1.70499e+18,1.70499e+18,1595862,/Deployment_2_SEOhio/Blue Route/TRCVan1/1704992559/20240111120641.record.00000,/Deployment_2_SEOhio/Blue Route/TRCVan1/1704992559/20240111120641.record.00000,Van1,1704992559,Blue Route,False,both,41237,10976,0.7897841533717657
acd71bc0-ecf4-11ee-9385-ef789ffde1d3,1.705e+18,1.705e+18,1590676,/Deployment_2_SEOhio/Blue Route/TRCVan1/1704995743/20240111125830.record.00000,/Deployment_2_SEOhio/Blue Route/TRCVan1/1704995743/20240111125830.record.00000,Van1,1704995743,Blue Route,False,both,40596,10884,0.7885780885780885
d62ee6e8-ed02-11ee-9385-ef789ffde1d3,1.705e+18,1.705e+18,1727846,/Deployment_2_SEOhio/Blue Route/TRCVan1/1704998893/20240111134907.record.00000,/Deployment_2_SEOhio/Blue Route/TRCVan1/1704998893/20240111134907.record.00000,Van1,1704998893,Blue Route,False,both,37359,18385,0.6701887198622273
f755cf60-f132-11ee-ba6d-fb353e7798cd,1.705e+18,1.705e+18,1704591,/Deployment_2_SEOhio/RedRoute/TRCVan1/1705002245/20240111144631.record.00000,/Deployment_2_SEOhio/RedRoute/TRCVan1/1705002245/20240111144631.record.00000,Van1,1705002245,RedRoute,False,both,47744,7342,0.8667174962785462
9798fe24-f143-11ee-ba78-fb353e7798cd,1.7056e+18,1.7056e+18,1646920,/Deployment_2_SEOhio/RedRoute/TRCVan1/1705597804/20240118122057.record.00000,/Deployment_2_SEOhio/RedRoute/TRCVan1/1705597804/20240118122057.record.00000,Van1,1705597804,RedRoute,False,both,46948,7130,0.8681534080402382
35518ec4-f153-11ee-ba88-fb353e7798cd,1.7056e+18,1.7056e+18,1664099,/Deployment_2_SEOhio/RedRoute/TRCVan1/1705601263/20240118131140.record.00000,/Deployment_2_SEOhio/RedRoute/TRCVan1/1705601263/20240118131140.record.00000,Van1,1705601263,RedRoute,False,both,47662,6852,0.8743075173349966
ecebb942-f162-11ee-ba97-fb353e7798cd,1.7056e+18,1.70561e+18,1648837,/Deployment_2_SEOhio/RedRoute/TRCVan1/1705604430/20240118140256.record.00000,/Deployment_2_SEOhio/RedRoute/TRCVan1/1705604430/20240118140256.record.00000,Van1,1705604430,RedRoute,False,both,47755,6265,0.8840244353942984
1ee938a2-f172-11ee-baa6-fb353e7798cd,1.70561e+18,1.70561e+18,1710172,/Deployment_2_SEOhio/RedRoute/TRCVan1/1705607337/20240118150209.record.00000,/Deployment_2_SEOhio/RedRoute/TRCVan1/1705607337/20240118150209.record.00000,Van1,1705607337,RedRoute,False,both,41648,14670,0.7395148975460776
d846a080-f115-11ee-ba51-fb353e7798cd,1.70594e+18,1.70594e+18,761732,/Deployment_2_SEOhio/GreenRoute/TRCVan1/1705940333/20240122112502.record.00000,/Deployment_2_SEOhio/GreenRoute/TRCVan1/1705940333/20240122112502.record.00000,Van1,1705940333,GreenRoute,False,both,21361,3546,0.8576303850323203
d454c586-f11c-11ee-ba55-fb353e7798cd,1.70594e+18,1.70594e+18,735818,/Deployment_2_SEOhio/GreenRoute/TRCVan1/1705941565/20240122114106.record.00000,/Deployment_2_SEOhio/GreenRoute/TRCVan1/1705941565/20240122114106.record.00000,Van1,1705941565,GreenRoute,False,both,22601,1514,0.9372174994816505
dea29156-f123-11ee-ba5d-fb353e7798cd,1.70594e+18,1.70594e+18,731867,/Deployment_2_SEOhio/GreenRoute/TRCVan1/1705943004/20240122120532.record.00000,/Deployment_2_SEOhio/GreenRoute/TRCVan1/1705943004/20240122120532.record.00000,Van1,1705943004,GreenRoute,False,both,21370,2540,0.8937682977833542
7e3d64da-f12d-11ee-ba68-fb353e7798cd,1.70594e+18,1.70595e+18,749476,/Deployment_2_SEOhio/GreenRoute/TRCVan1/1705944425/20240122122850.record.00000,/Deployment_2_SEOhio/GreenRoute/TRCVan1/1705944425/20240122122850.record.00000,Van1,1705944425,GreenRoute,False,both,21987,2498,0.8979783540943435
848e44a6-f134-11ee-ba6d-fb353e7798cd,1.70595e+18,1.70595e+18,740152,/Deployment_2_SEOhio/GreenRoute/TRCVan1/1705947271/20240122131606.record.00000,/Deployment_2_SEOhio/GreenRoute/TRCVan1/1705947271/20240122131606.record.00000,Van1,1705947271,GreenRoute,False,both,22002,2169,0.9102643663894749
38ac9526-f182-11ee-bab0-fb353e7798cd,1.70603e+18,1.70604e+18,1503397,/Deployment_2_SEOhio/RedRoute/TRCVan1/1706034392/20240123133233.record.00000,/Deployment_2_SEOhio/RedRoute/TRCVan1/1706034392/20240123133233.record.00000,Van1,1706034392,RedRoute,True,0,0,49690,0.0
6f5b3612-f18d-11ee-bab8-fb353e7798cd,1.70604e+18,1.70604e+18,1420955,/Deployment_2_SEOhio/RedRoute/TRCVan1/1706036892/20240123141226.record.00000,/Deployment_2_SEOhio/RedRoute/TRCVan1/1706036892/20240123141226.record.00000,Van1,1706036892,RedRoute,True,0,0,47261,0.0
d24820c8-f197-11ee-babe-fb353e7798cd,1.70604e+18,1.70604e+18,1641987,/Deployment_2_SEOhio/RedRoute/TRCVan1/1706039562/20240123145339.record.00000,/Deployment_2_SEOhio/RedRoute/TRCVan1/1706039562/20240123145339.record.00000,Van1,1706039562,RedRoute,False,both,46172,7471,0.860727401524896
606347dc-ed12-11ee-9385-ef789ffde1d3,1.7062e+18,1.7062e+18,1821380,/Deployment_2_SEOhio/Blue Route/TRCVan1/1706202501/20240125121102.record.00000,/Deployment_2_SEOhio/Blue Route/TRCVan1/1706202501/20240125121102.record.00000,Van1,1706202501,Blue Route,True,0,0,59185,0.0
6f887868-ed21-11ee-9385-ef789ffde1d3,1.70621e+18,1.70621e+18,1664465,/Deployment_2_SEOhio/Blue Route/TRCVan1/1706207953/20240125134057.record.00000,/Deployment_2_SEOhio/Blue Route/TRCVan1/1706207953/20240125134057.record.00000,Van1,1706207953,Blue Route,True,0,0,53933,0.0
5c7a9ab2-f13b-11ee-ba72-fb353e7798cd,1.70621e+18,1.70622e+18,815159,/Deployment_2_SEOhio/GreenRoute/TRCVan1/1706214692/20240125153356.record.00000,/Deployment_2_SEOhio/GreenRoute/TRCVan1/1706214692/20240125153356.record.00000,Van1,1706214692,GreenRoute,False,both,22406,3792,0.8552561264218642
bf518644-f1a6-11ee-bac9-fb353e7798cd,1.70655e+18,1.70655e+18,1478109,/Deployment_2_SEOhio/RedRoute/TRCVan1/1706545355/20240129112436.record.00000,/Deployment_2_SEOhio/RedRoute/TRCVan1/1706545355/20240129112436.record.00000,Van1,1706545355,RedRoute,True,0,0,48414,0.0
3950298e-f1b4-11ee-bad3-fb353e7798cd,1.70655e+18,1.70655e+18,1416366,/Deployment_2_SEOhio/RedRoute/TRCVan1/1706548054/20240129120948.record.00000,/Deployment_2_SEOhio/RedRoute/TRCVan1/1706548054/20240129120948.record.00000,Van1,1706548054,RedRoute,True,0,0,46296,0.0
cccc7d32-f1c0-11ee-bada-fb353e7798cd,1.70655e+18,1.70655e+18,1419518,/Deployment_2_SEOhio/RedRoute/TRCVan1/1706550569/20240129125236.record.00000,/Deployment_2_SEOhio/RedRoute/TRCVan1/1706550569/20240129125236.record.00000,Van1,1706550569,RedRoute,True,0,0,46434,0.0
a6895b74-f1cd-11ee-bae2-fb353e7798cd,1.70655e+18,1.70656e+18,1399952,/Deployment_2_SEOhio/RedRoute/TRCVan1/1706553667/20240129134326.record.00000,/Deployment_2_SEOhio/RedRoute/TRCVan1/1706553667/20240129134326.record.00000,Van1,1706553667,RedRoute,True,0,0,45750,0.0
61b4e416-f1da-11ee-bae8-fb353e7798cd,1.70656e+18,1.70656e+18,1405398,/Deployment_2_SEOhio/RedRoute/TRCVan1/1706556253/20240129142523.record.00000,/Deployment_2_SEOhio/RedRoute/TRCVan1/1706556253/20240129142523.record.00000,Van1,1706556253,RedRoute,True,0,0,45912,0.0
fc1e1b6a-f1e6-11ee-baf6-fb353e7798cd,1.70656e+18,1.70656e+18,1392699,/Deployment_2_SEOhio/RedRoute/TRCVan1/1706557888/20240129145252.record.00000,/Deployment_2_SEOhio/RedRoute/TRCVan1/1706557888/20240129145252.record.00000,Van1,1706557888,RedRoute,True,0,0,45819,0.0
a231c0b0-f142-11ee-ba76-fb353e7798cd,1.70663e+18,1.70663e+18,737228,/Deployment_2_SEOhio/GreenRoute/TRCVan1/1706628644/20240130103326.record.00000,/Deployment_2_SEOhio/GreenRoute/TRCVan1/1706628644/20240130103326.record.00000,Van1,1706628644,GreenRoute,False,both,22841,1200,0.9500852709953829
8e5c4fc2-f149-11ee-ba7f-fb353e7798cd,1.70663e+18,1.70663e+18,755315,/Deployment_2_SEOhio/GreenRoute/TRCVan1/1706630134/20240130105708.record.00000,/Deployment_2_SEOhio/GreenRoute/TRCVan1/1706630134/20240130105708.record.00000,Van1,1706630134,GreenRoute,False,both,23615,963,0.9608186182765075
73bc30cc-f150-11ee-ba84-fb353e7798cd,1.70663e+18,1.70663e+18,753301,/Deployment_2_SEOhio/GreenRoute/TRCVan1/1706631389/20240130111809.record.00000,/Deployment_2_SEOhio/GreenRoute/TRCVan1/1706631389/20240130111809.record.00000,Van1,1706631389,GreenRoute,False,both,23448,961,0.9606292760866894
4c88757c-f157-11ee-ba89-fb353e7798cd,1.70663e+18,1.70663e+18,739831,/Deployment_2_SEOhio/GreenRoute/TRCVan1/1706632676/20240130113944.record.00000,/Deployment_2_SEOhio/GreenRoute/TRCVan1/1706632676/20240130113944.record.00000,Van1,1706632676,GreenRoute,False,both,23534,436,0.9818105965790571
f570c51c-f15d-11ee-ba91-fb353e7798cd,1.70663e+18,1.70663e+18,763434,/Deployment_2_SEOhio/GreenRoute/TRCVan1/1706633907/20240130120015.record.00000,/Deployment_2_SEOhio/GreenRoute/TRCVan1/1706633907/20240130120015.record.00000,Van1,1706633907,GreenRoute,False,both,23638,1068,0.9567716344207885
d7cb9c92-f164-11ee-ba97-fb353e7798cd,1.70664e+18,1.70664e+18,758609,/Deployment_2_SEOhio/GreenRoute/TRCVan1/1706635174/20240130122130.record.00000,/Deployment_2_SEOhio/GreenRoute/TRCVan1/1706635174/20240130122130.record.00000,Van1,1706635174,GreenRoute,False,both,23528,974,0.960248143008734
bf9157f0-f16b-11ee-ba9e-fb353e7798cd,1.70664e+18,1.70664e+18,759298,/Deployment_2_SEOhio/GreenRoute/TRCVan1/1706636440/20240130124157.record.00000,/Deployment_2_SEOhio/GreenRoute/TRCVan1/1706636440/20240130124157.record.00000,Van1,1706636440,GreenRoute,False,both,23389,1063,0.9565270734500245
9df14b4e-f172-11ee-baa6-fb353e7798cd,1.70664e+18,1.70664e+18,800781,/Deployment_2_SEOhio/GreenRoute/TRCVan1/1706637801/20240130130519.record.00000,/Deployment_2_SEOhio/GreenRoute/TRCVan1/1706637801/20240130130519.record.00000,Van1,1706637801,GreenRoute,False,both,22161,3662,0.8581884366649886
c59a54e0-f179-11ee-baab-fb353e7798cd,1.70664e+18,1.70664e+18,755616,/Deployment_2_SEOhio/GreenRoute/TRCVan1/1706639125/20240130132632.record.00000,/Deployment_2_SEOhio/GreenRoute/TRCVan1/1706639125/20240130132632.record.00000,Van1,1706639125,GreenRoute,False,both,23375,954,0.9607875375066792
c14299be-f180-11ee-bab0-fb353e7798cd,1.70664e+18,1.70664e+18,752319,/Deployment_2_SEOhio/GreenRoute/TRCVan1/1706640013/20240130134053.record.00000,/Deployment_2_SEOhio/GreenRoute/TRCVan1/1706640013/20240130134053.record.00000,Van1,1706640013,GreenRoute,False,both,23408,838,0.9654375979543017
b82476fe-f1f3-11ee-baff-fb353e7798cd,1.7068e+18,1.7068e+18,1665852,/Deployment_2_SEOhio/RedRoute/TRCVan1/1706801495/20240201103518.record.00000,/Deployment_2_SEOhio/RedRoute/TRCVan1/1706801495/20240201103518.record.00000,Van1,1706801495,RedRoute,False,both,41614,13113,0.7603924936503006
286e019a-f204-11ee-bb07-fb353e7798cd,1.70681e+18,1.70681e+18,1708225,/Deployment_2_SEOhio/RedRoute/TRCVan1/1706804718/20240201113014.record.00000,/Deployment_2_SEOhio/RedRoute/TRCVan1/1706804718/20240201113014.record.00000,Van1,1706804718,RedRoute,False,both,50345,4742,0.9139179842794126
84d96f18-f214-11ee-bb13-fb353e7798cd,1.70681e+18,1.70681e+18,1691858,/Deployment_2_SEOhio/RedRoute/TRCVan1/1706807891/20240201121930.record.00000,/Deployment_2_SEOhio/RedRoute/TRCVan1/1706807891/20240201121930.record.00000,Van1,1706807891,RedRoute,False,both,49260,5527,0.8991184040009491
88dd6fbe-f224-11ee-bb21-fb353e7798cd,1.70681e+18,1.70681e+18,1686081,/Deployment_2_SEOhio/RedRoute/TRCVan1/1706812641/20240201134018.record.00000,/Deployment_2_SEOhio/RedRoute/TRCVan1/1706812641/20240201134018.record.00000,Van1,1706812641,RedRoute,False,both,50918,3730,0.9317449860928122
61b12e7a-f234-11ee-bb33-fb353e7798cd,1.70682e+18,1.70682e+18,1687891,/Deployment_2_SEOhio/RedRoute/TRCVan1/1706815415/20240201142634.record.00000,/Deployment_2_SEOhio/RedRoute/TRCVan1/1706815415/20240201142634.record.00000,Van1,1706815415,RedRoute,False,both,42693,11975,0.780950464622814
5f6573ba-ed2f-11ee-9385-ef789ffde1d3,1.70724e+18,1.70724e+18,1717067,/Deployment_2_SEOhio/Blue Route/TRCVan1/1707236839/20240206113352.record.00000,/Deployment_2_SEOhio/Blue Route/TRCVan1/1707236839/20240206113352.record.00000,Van1,1707236839,Blue Route,False,both,38605,17211,0.6916475562562706
7cbd932e-f244-11ee-bb3f-fb353e7798cd,1.70725e+18,1.70725e+18,1592757,/Deployment_2_SEOhio/RedRoute/TRCVan1/1707248494/20240206144459.record.00000,/Deployment_2_SEOhio/RedRoute/TRCVan1/1707248494/20240206144459.record.00000,Van1,1707248494,RedRoute,False,both,46834,3728,0.926268739369487
cf831f42-f353-11ee-bb4e-fb353e7798cd,1.70741e+18,1.70741e+18,1693025,/Deployment_2_SEOhio/RedRoute/TRCVan1/1707412240/20240208121603.record.00000,/Deployment_2_SEOhio/RedRoute/TRCVan1/1707412240/20240208121603.record.00000,Van1,1707412240,RedRoute,False,both,48197,5180,0.902954456039118
43a1a35e-f362-11ee-bb4e-fb353e7798cd,1.70742e+18,1.70742e+18,1678827,/Deployment_2_SEOhio/RedRoute/TRCVan1/1707415174/20240208130606.record.00000,/Deployment_2_SEOhio/RedRoute/TRCVan1/1707415174/20240208130606.record.00000,Van1,1707415174,RedRoute,False,both,45474,8937,0.8357501240557975
bfde2aec-f370-11ee-bb4e-fb353e7798cd,1.70742e+18,1.70742e+18,1495460,/Deployment_2_SEOhio/RedRoute/TRCVan1/1707418071/20240208134912.record.00000,/Deployment_2_SEOhio/RedRoute/TRCVan1/1707418071/20240208134912.record.00000,Van1,1707418071,RedRoute,True,0,0,48572,0.0
0b72a836-f37e-11ee-bb4e-fb353e7798cd,1.70742e+18,1.70742e+18,1468511,/Deployment_2_SEOhio/RedRoute/TRCVan1/1707420345/20240208142756.record.00000,/Deployment_2_SEOhio/RedRoute/TRCVan1/1707420345/20240208142756.record.00000,Van1,1707420345,RedRoute,True,0,0,47627,0.0
662741a4-f38a-11ee-bb4e-fb353e7798cd,1.70742e+18,1.70742e+18,1435965,/Deployment_2_SEOhio/RedRoute/TRCVan1/1707422085/20240208150040.record.00000,/Deployment_2_SEOhio/RedRoute/TRCVan1/1707422085/20240208150040.record.00000,Van1,1707422085,RedRoute,True,0,0,46549,0.0
65cfbfd6-f396-11ee-bb4e-fb353e7798cd,1.70801e+18,1.70801e+18,1638330,/Deployment_2_SEOhio/RedRoute/TRCVan1/1708011504/20240215104513.record.00000,/Deployment_2_SEOhio/RedRoute/TRCVan1/1708011504/20240215104513.record.00000,Van1,1708011504,RedRoute,False,both,48258,4020,0.9231034086996442
c25271be-f3a4-11ee-bb4e-fb353e7798cd,1.70802e+18,1.70802e+18,1692068,/Deployment_2_SEOhio/RedRoute/TRCVan1/1708015127/20240215120202.record.00000,/Deployment_2_SEOhio/RedRoute/TRCVan1/1708015127/20240215120202.record.00000,Van1,1708015127,RedRoute,False,both,45247,9250,0.8302658861955704
868de15e-f3b3-11ee-bb4e-fb353e7798cd,1.70803e+18,1.70803e+18,1691034,/Deployment_2_SEOhio/RedRoute/TRCVan1/1708024622/20240215143139.record.00000,/Deployment_2_SEOhio/RedRoute/TRCVan1/1708024622/20240215143139.record.00000,Van1,1708024622,RedRoute,False,both,41350,13309,0.7565085347335297
9736e77c-f187-11ee-bab6-fb353e7798cd,1.70845e+18,1.70845e+18,758157,/Deployment_2_SEOhio/GreenRoute/TRCVan1/1708445941/20240220112059.record.00000,/Deployment_2_SEOhio/GreenRoute/TRCVan1/1708445941/20240220112059.record.00000,Van1,1708445941,GreenRoute,False,both,22546,2073,0.9157967423534669
c4fca7bc-f18e-11ee-bab8-fb353e7798cd,1.70845e+18,1.70845e+18,823641,/Deployment_2_SEOhio/GreenRoute/TRCVan1/1708447851/20240220115310.record.00000,/Deployment_2_SEOhio/GreenRoute/TRCVan1/1708447851/20240220115310.record.00000,Van1,1708447851,GreenRoute,False,both,23032,3542,0.8667118235869647
5774dcde-f196-11ee-babe-fb353e7798cd,1.70845e+18,1.70845e+18,747698,/Deployment_2_SEOhio/GreenRoute/TRCVan1/1708450169/20240220123137.record.00000,/Deployment_2_SEOhio/GreenRoute/TRCVan1/1708450169/20240220123137.record.00000,Van1,1708450169,GreenRoute,False,both,20890,3041,0.8729263298650286
51b74168-f19d-11ee-babf-fb353e7798cd,1.70845e+18,1.70845e+18,774460,/Deployment_2_SEOhio/GreenRoute/TRCVan1/1708452357/20240220130717.record.00000,/Deployment_2_SEOhio/GreenRoute/TRCVan1/1708452357/20240220130717.record.00000,Van1,1708452357,GreenRoute,False,both,23306,1622,0.9349326059050064
98692fde-f1a4-11ee-bac6-fb353e7798cd,1.70845e+18,1.70845e+18,740315,/Deployment_2_SEOhio/GreenRoute/TRCVan1/1708454084/20240220133709.record.00000,/Deployment_2_SEOhio/GreenRoute/TRCVan1/1708454084/20240220133709.record.00000,Van1,1708454084,GreenRoute,False,both,22520,1131,0.9521796118557355
5fc763f6-f1ab-11ee-bacd-fb353e7798cd,1.70846e+18,1.70846e+18,759841,/Deployment_2_SEOhio/GreenRoute/TRCVan1/1708455263/20240220135616.record.00000,/Deployment_2_SEOhio/GreenRoute/TRCVan1/1708455263/20240220135616.record.00000,Van1,1708455263,GreenRoute,False,both,23512,723,0.970167113678564
99b9f446-f1b2-11ee-bad3-fb353e7798cd,1.70846e+18,1.70846e+18,745922,/Deployment_2_SEOhio/GreenRoute/TRCVan1/1708456586/20240220141909.record.00000,/Deployment_2_SEOhio/GreenRoute/TRCVan1/1708456586/20240220141909.record.00000,Van1,1708456586,GreenRoute,False,both,21877,1951,0.9181215376867551
870cfd32-f1b9-11ee-bad5-fb353e7798cd,1.70846e+18,1.70846e+18,773397,/Deployment_2_SEOhio/GreenRoute/TRCVan1/1708458029/20240220144125.record.00000,/Deployment_2_SEOhio/GreenRoute/TRCVan1/1708458029/20240220144125.record.00000,Van1,1708458029,GreenRoute,False,both,22632,2271,0.9088061679315745
f12112ba-f1c0-11ee-bada-fb353e7798cd,1.70846e+18,1.70846e+18,798218,/Deployment_2_SEOhio/GreenRoute/TRCVan1/1708459148/20240220150126.record.00000,/Deployment_2_SEOhio/GreenRoute/TRCVan1/1708459148/20240220150126.record.00000,Van1,1708459148,GreenRoute,False,both,23976,1679,0.9345546677061002
5f7ce340-f1c8-11ee-bae0-fb353e7798cd,1.70846e+18,1.70846e+18,760851,/Deployment_2_SEOhio/GreenRoute/TRCVan1/1708460545/20240220152345.record.00000,/Deployment_2_SEOhio/GreenRoute/TRCVan1/1708460545/20240220152345.record.00000,Van1,1708460545,GreenRoute,False,both,23658,698,0.9713417638364263
f0bcec4e-ed3e-11ee-9385-ef789ffde1d3,1.70862e+18,1.70862e+18,1891009,/Deployment_2_SEOhio/Blue Route/TRCVan1/1708621747/20240222121231.record.00000,/Deployment_2_SEOhio/Blue Route/TRCVan1/1708621747/20240222121231.record.00000,Van1,1708621747,Blue Route,False,both,42984,18527,0.6988018403212434
3344a3c0-f502-11ee-8afa-cb629b0d53e6,1.70863e+18,1.70863e+18,1633989,/Deployment_2_SEOhio/RedRoute/TRCVan1/1708625632/20240222131450.record.00000,/Deployment_2_SEOhio/RedRoute/TRCVan1/1708625632/20240222131450.record.00000,Van1,1708625632,RedRoute,False,both,37463,15998,0.7007538205420774
96ceec56-f1cf-11ee-bae4-fb353e7798cd,1.70863e+18,1.70863e+18,778583,/Deployment_2_SEOhio/GreenRoute/TRCVan1/1708631926/20240222150008.record.00000,/Deployment_2_SEOhio/GreenRoute/TRCVan1/1708631926/20240222150008.record.00000,Van1,1708631926,GreenRoute,False,both,22964,2484,0.9023891857906319
3ed4aa16-f1d6-11ee-bae6-fb353e7798cd,1.70863e+18,1.70863e+18,770633,/Deployment_2_SEOhio/GreenRoute/TRCVan1/1708633244/20240222152239.record.00000,/Deployment_2_SEOhio/GreenRoute/TRCVan1/1708633244/20240222152239.record.00000,Van1,1708633244,GreenRoute,False,both,22253,2875,0.8855858007004139
236836f6-f1dd-11ee-bae8-fb353e7798cd,1.70863e+18,1.70864e+18,773185,/Deployment_2_SEOhio/GreenRoute/TRCVan1/1708634226/20240222153757.record.00000,/Deployment_2_SEOhio/GreenRoute/TRCVan1/1708634226/20240222153757.record.00000,Van1,1708634226,GreenRoute,False,both,23315,2043,0.9194337092830664
1c74d294-f1e4-11ee-baf0-fb353e7798cd,1.70864e+18,1.70864e+18,765614,/Deployment_2_SEOhio/GreenRoute/TRCVan1/1708635122/20240222155302.record.00000,/Deployment_2_SEOhio/GreenRoute/TRCVan1/1708635122/20240222155302.record.00000,Van1,1708635122,GreenRoute,False,both,22987,2130,0.915196878608114
88180f82-ed4f-11ee-9385-ef789ffde1d3,1.68485e+18,1.68486e+18,651969,/Deployment_2_SEOhio/Blue Route/TRCVan2/1684854744/van2_blue_loop_shadow.record.00000,/Deployment_2_SEOhio/Blue Route/TRCVan2/1684854744/van2_blue_loop_shadow.record.00000,Van2,1684781663,Blue Route,False,both,229,19865,0.011396436747287748
c0555ef0-f50f-11ee-8afa-cb629b0d53e6,1.68487e+18,1.68487e+18,1510291,/Deployment_2_SEOhio/RedRoute/TRCVan2/1684867984/van2_red_shadow.record.00000,/Deployment_2_SEOhio/RedRoute/TRCVan2/1684867984/van2_red_shadow.record.00000,Van2,1684784353,RedRoute,False,both,4068,46157,0.08099552015928323
59c189d8-ed54-11ee-9385-ef789ffde1d3,1.69107e+18,1.69107e+18,1572320,/Deployment_2_SEOhio/Blue Route/TRCVan2/1691072577/20230803102431.record.00000,/Deployment_2_SEOhio/Blue Route/TRCVan2/1691072577/20230803102431.record.00000,Van2,1691072577,Blue Route,False,both,40930,13080,0.7578226254397333
d94ef300-ed60-11ee-9385-ef789ffde1d3,1.69108e+18,1.69108e+18,1596260,/Deployment_2_SEOhio/Blue Route/TRCVan2/1691075427/20230803111216.record.00000,/Deployment_2_SEOhio/Blue Route/TRCVan2/1691075427/20230803111216.record.00000,Van2,1691075427,Blue Route,False,both,42655,12294,0.7762652641540337
8b6a6cfc-ed6d-11ee-9385-ef789ffde1d3,1.69108e+18,1.69108e+18,1578512,/Deployment_2_SEOhio/Blue Route/TRCVan2/1691081526/20230803125408.record.00000,/Deployment_2_SEOhio/Blue Route/TRCVan2/1691081526/20230803125408.record.00000,Van2,1691081526,Blue Route,False,both,40438,13873,0.7445637163742151
530de03a-ed79-11ee-9385-ef789ffde1d3,1.69108e+18,1.69109e+18,1582686,/Deployment_2_SEOhio/Blue Route/TRCVan2/1691084538/20230803134341.record.00000,/Deployment_2_SEOhio/Blue Route/TRCVan2/1691084538/20230803134341.record.00000,Van2,1691084538,Blue Route,False,both,41871,12665,0.7677680798004988
43914d48-ed85-11ee-9385-ef789ffde1d3,1.69109e+18,1.69109e+18,1518117,/Deployment_2_SEOhio/Blue Route/TRCVan2/1691087271/20230803142920.record.00000,/Deployment_2_SEOhio/Blue Route/TRCVan2/1691087271/20230803142920.record.00000,Van2,1691087271,Blue Route,False,both,35880,16301,0.687606600103486
c9023e32-ed90-11ee-9385-ef789ffde1d3,1.6915e+18,1.69151e+18,1721810,/Deployment_2_SEOhio/Blue Route/TRCVan2/1691504361/20230808102628.record.00000,/Deployment_2_SEOhio/Blue Route/TRCVan2/1691504361/20230808102628.record.00000,Van2,1691504361,Blue Route,False,both,47213,11609,0.8026418686885859
e269948a-ed9d-11ee-9385-ef789ffde1d3,1.69151e+18,1.69151e+18,1666446,/Deployment_2_SEOhio/Blue Route/TRCVan2/1691508219/20230808112603.record.00000,/Deployment_2_SEOhio/Blue Route/TRCVan2/1691508219/20230808112603.record.00000,Van2,1691508219,Blue Route,False,both,47619,9440,0.8345572127096514
60546ef4-edaa-11ee-9385-ef789ffde1d3,1.69151e+18,1.69151e+18,1504574,/Deployment_2_SEOhio/Blue Route/TRCVan2/1691511606/20230808122312.record.00000,/Deployment_2_SEOhio/Blue Route/TRCVan2/1691511606/20230808122312.record.00000,Van2,1691511606,Blue Route,False,both,45541,9164,0.8324833196234348
ce6465b6-f51b-11ee-8afa-cb629b0d53e6,1.69152e+18,1.69152e+18,1585501,/Deployment_2_SEOhio/RedRoute/TRCVan2/1691517970/20230808141558.record.00000,/Deployment_2_SEOhio/RedRoute/TRCVan2/1691517970/20230808141558.record.00000,Van2,1691517970,RedRoute,False,both,45242,8807,0.8370552646672463
fe0395f0-f1ea-11ee-baf9-fb353e7798cd,1.69168e+18,1.69168e+18,632424,/Deployment_2_SEOhio/GreenRoute/TRCVan2/1691678548/20230810104912.record.00000,/Deployment_2_SEOhio/GreenRoute/TRCVan2/1691678548/20230810104912.record.00000,Van2,1691678548,GreenRoute,False,both,19032,2291,0.8925573324579092
7a22a34c-f1f0-11ee-bafe-fb353e7798cd,1.69168e+18,1.69168e+18,657025,/Deployment_2_SEOhio/GreenRoute/TRCVan2/1691679859/20230810110659.record.00000,/Deployment_2_SEOhio/GreenRoute/TRCVan2/1691679859/20230810110659.record.00000,Van2,1691679859,GreenRoute,False,both,17649,4498,0.7969025150133201
0f3cdf60-f1f6-11ee-bb00-fb353e7798cd,1.69168e+18,1.69168e+18,648843,/Deployment_2_SEOhio/GreenRoute/TRCVan2/1691680851/20230810112305.record.00000,/Deployment_2_SEOhio/GreenRoute/TRCVan2/1691680851/20230810112305.record.00000,Van2,1691680851,GreenRoute,False,both,20101,1764,0.9193231191401784
a08a8c7e-f1fb-11ee-bb05-fb353e7798cd,1.69168e+18,1.69168e+18,624862,/Deployment_2_SEOhio/GreenRoute/TRCVan2/1691681779/20230810113914.record.00000,/Deployment_2_SEOhio/GreenRoute/TRCVan2/1691681779/20230810113914.record.00000,Van2,1691681779,GreenRoute,False,both,19972,1422,0.9335327661961298
df6c3fb4-f200-11ee-bb07-fb353e7798cd,1.69168e+18,1.69168e+18,634966,/Deployment_2_SEOhio/GreenRoute/TRCVan2/1691683677/20230810121006.record.00000,/Deployment_2_SEOhio/GreenRoute/TRCVan2/1691683677/20230810121006.record.00000,Van2,1691683677,GreenRoute,False,both,19520,2098,0.9029512443334259
43abeb00-f206-11ee-bb07-fb353e7798cd,1.69168e+18,1.69169e+18,622396,/Deployment_2_SEOhio/GreenRoute/TRCVan2/1691684637/20230810122612.record.00000,/Deployment_2_SEOhio/GreenRoute/TRCVan2/1691684637/20230810122612.record.00000,Van2,1691684637,GreenRoute,False,both,19655,1573,0.9258997550405126
7948628e-f20b-11ee-bb0f-fb353e7798cd,1.69272e+18,1.69272e+18,676037,/Deployment_2_SEOhio/GreenRoute/TRCVan2/1692718087/20230822113405.record.00000,/Deployment_2_SEOhio/GreenRoute/TRCVan2/1692718087/20230822113405.record.00000,Van2,1692718087,GreenRoute,False,both,4168,18849,0.18108354694356346
fa852f30-f210-11ee-bb10-fb353e7798cd,1.69272e+18,1.69272e+18,547140,/Deployment_2_SEOhio/GreenRoute/TRCVan2/1692720346/20230822120757.record.00000,/Deployment_2_SEOhio/GreenRoute/TRCVan2/1692720346/20230822120757.record.00000,Van2,1692720346,GreenRoute,True,0,0,18872,0.0
986a0b90-f215-11ee-bb15-fb353e7798cd,1.69272e+18,1.69272e+18,557412,/Deployment_2_SEOhio/GreenRoute/TRCVan2/1692721184/20230822122108.record.00000,/Deployment_2_SEOhio/GreenRoute/TRCVan2/1692721184/20230822122108.record.00000,Van2,1692721184,GreenRoute,True,0,0,19135,0.0
57a2192c-f21a-11ee-bb17-fb353e7798cd,1.69272e+18,1.69272e+18,550319,/Deployment_2_SEOhio/GreenRoute/TRCVan2/1692722030/20230822123743.record.00000,/Deployment_2_SEOhio/GreenRoute/TRCVan2/1692722030/20230822123743.record.00000,Van2,1692722030,GreenRoute,True,0,0,18760,0.0
cd11fc28-f21e-11ee-bb1c-fb353e7798cd,1.69272e+18,1.69272e+18,597586,/Deployment_2_SEOhio/GreenRoute/TRCVan2/1692723072/20230822130021.record.00000,/Deployment_2_SEOhio/GreenRoute/TRCVan2/1692723072/20230822130021.record.00000,Van2,1692723072,GreenRoute,True,0,0,20460,0.0
b2f58080-f223-11ee-bb20-fb353e7798cd,1.69272e+18,1.69273e+18,546034,/Deployment_2_SEOhio/GreenRoute/TRCVan2/1692724389/20230822131909.record.00000,/Deployment_2_SEOhio/GreenRoute/TRCVan2/1692724389/20230822131909.record.00000,Van2,1692724389,GreenRoute,True,0,0,18575,0.0
2f2939cc-f228-11ee-bb28-fb353e7798cd,1.69273e+18,1.69273e+18,724769,/Deployment_2_SEOhio/GreenRoute/TRCVan2/1692725685/20230822133724.record.00000,/Deployment_2_SEOhio/GreenRoute/TRCVan2/1692725685/20230822133724.record.00000,Van2,1692725685,GreenRoute,True,0,0,24875,0.0
45ad3a9a-edb4-11ee-9385-ef789ffde1d3,1.69289e+18,1.69289e+18,1564135,/Deployment_2_SEOhio/Blue Route/TRCVan2/1692887823/20230824104552.record.00000,/Deployment_2_SEOhio/Blue Route/TRCVan2/1692887823/20230824104552.record.00000,Van2,1692887823,Blue Route,True,0,0,53730,0.0
e8a8b2be-edbf-11ee-9385-ef789ffde1d3,1.69289e+18,1.69289e+18,1544460,/Deployment_2_SEOhio/Blue Route/TRCVan2/1692891046/20230824113426.record.00000,/Deployment_2_SEOhio/Blue Route/TRCVan2/1692891046/20230824113426.record.00000,Van2,1692891046,Blue Route,False,both,35921,17191,0.676325500828438
7613801a-edcb-11ee-9385-ef789ffde1d3,1.6929e+18,1.6929e+18,1640273,/Deployment_2_SEOhio/Blue Route/TRCVan2/1692896526/20230824131233.record.00000,/Deployment_2_SEOhio/Blue Route/TRCVan2/1692896526/20230824131233.record.00000,Van2,1692896526,Blue Route,False,both,39592,16733,0.7029205503772747
3ce8a358-edd8-11ee-9385-ef789ffde1d3,1.6929e+18,1.6929e+18,1759407,/Deployment_2_SEOhio/Blue Route/TRCVan2/1692900817/20230824141453.record.00000,/Deployment_2_SEOhio/Blue Route/TRCVan2/1692900817/20230824141453.record.00000,Van2,1692900817,Blue Route,False,both,40425,20067,0.6682701844872049
64875cc0-d054-11ee-9435-f7e542e2436c,1.69472e+18,1.69472e+18,1681244,/Deployment_2_SEOhio/Blue Route/TRCVan1/1694716007/20230914143655.record.00000,/Deployment_2_SEOhio/Blue Route/TRCVan1/1694716007/20230914143655.record.00000,Van2,1694716007,Blue Route,False,both,45142,13105,0.7750098717530517
2a61b8a8-f528-11ee-8afa-cb629b0d53e6,1.69756e+18,1.69756e+18,960627,/Deployment_2_SEOhio/RedRoute/TRCVan2/1697559721/20231017123635.record.00000,/Deployment_2_SEOhio/RedRoute/TRCVan2/1697559721/20231017123635.record.00000,Van2,1697559721,RedRoute,False,both,19096,13727,0.581787161441672
41b67a28-f52f-11ee-8afa-cb629b0d53e6,1.69756e+18,1.69756e+18,1737647,/Deployment_2_SEOhio/RedRoute/TRCVan2/1697562875/20231017131710.record.00000,/Deployment_2_SEOhio/RedRoute/TRCVan2/1697562875/20231017131710.record.00000,Van2,1697562875,RedRoute,False,both,43823,13989,0.7580260153601328
fe973c9c-f53c-11ee-8afa-cb629b0d53e6,1.69757e+18,1.69757e+18,1609624,/Deployment_2_SEOhio/RedRoute/TRCVan2/1697569600/20231017151026.record.00000,/Deployment_2_SEOhio/RedRoute/TRCVan2/1697569600/20231017151026.record.00000,Van2,1697569600,RedRoute,False,both,41494,12046,0.7750093388121031
96f7a614-f549-11ee-8afa-cb629b0d53e6,1.69757e+18,1.69757e+18,1605708,/Deployment_2_SEOhio/RedRoute/TRCVan2/1697572375/20231017155538.record.00000,/Deployment_2_SEOhio/RedRoute/TRCVan2/1697572375/20231017155538.record.00000,Van2,1697572375,RedRoute,False,both,43177,10242,0.8082704655646867
aef91c4a-ede5-11ee-9385-ef789ffde1d3,1.69773e+18,1.69773e+18,1595886,/Deployment_2_SEOhio/Blue Route/TRCVan2/1697724037/20231019103308.record.00000,/Deployment_2_SEOhio/Blue Route/TRCVan2/1697724037/20231019103308.record.00000,Van2,1697724037,Blue Route,False,both,40957,12122,0.7716234292281317
513a670c-eea9-11ee-9385-ef789ffde1d3,1.69773e+18,1.69773e+18,449927,/Deployment_2_SEOhio/Blue Route/TRCVan2/1697730205/20231019114621.record.00000,/Deployment_2_SEOhio/Blue Route/TRCVan2/1697730205/20231019114621.record.00000,Van2,1697730205,Blue Route,False,both,5010,17593,0.22165199309826128
a437811e-ccf4-11ee-9435-f7e542e2436c,1.70119e+18,1.70119e+18,625618,/Deployment_2_SEOhio/GreenRoute/TRCVan2/1701070980/20231128115252.record.00000,/Deployment_2_SEOhio/GreenRoute/TRCVan2/1701070980/20231128115252.record.00000,Van2,1701070980,GreenRoute,True,0,0,20815,0.0
fe729430-f232-11ee-bb32-fb353e7798cd,1.70119e+18,1.70119e+18,684669,/Deployment_2_SEOhio/GreenRoute/TRCVan2/1701192784/20231128123411.record.00000,/Deployment_2_SEOhio/GreenRoute/TRCVan2/1701192784/20231128123411.record.00000,Van2,1701192784,GreenRoute,True,0,0,22799,0.0
4cf81634-f238-11ee-bb34-fb353e7798cd,1.70119e+18,1.7012e+18,704029,/Deployment_2_SEOhio/GreenRoute/TRCVan2/1701194185/20231128125800.record.00000,/Deployment_2_SEOhio/GreenRoute/TRCVan2/1701194185/20231128125800.record.00000,Van2,1701194185,GreenRoute,False,both,16581,6856,0.7074710927166447
e9a1d768-f23d-11ee-bb39-fb353e7798cd,1.7012e+18,1.7012e+18,753581,/Deployment_2_SEOhio/GreenRoute/TRCVan2/1701195386/20231128131916.record.00000,/Deployment_2_SEOhio/GreenRoute/TRCVan2/1701195386/20231128131916.record.00000,Van2,1701195386,GreenRoute,False,both,22642,2454,0.9022154925087663
f8fd0fd8-f243-11ee-bb3f-fb353e7798cd,1.7012e+18,1.7012e+18,758506,/Deployment_2_SEOhio/GreenRoute/TRCVan2/1701196779/20231128134136.record.00000,/Deployment_2_SEOhio/GreenRoute/TRCVan2/1701196779/20231128134136.record.00000,Van2,1701196779,GreenRoute,False,both,22634,2594,0.8971777390201363
58d78342-f24a-11ee-bb45-fb353e7798cd,1.7012e+18,1.7012e+18,727298,/Deployment_2_SEOhio/GreenRoute/TRCVan2/1701198151/20231128140454.record.00000,/Deployment_2_SEOhio/GreenRoute/TRCVan2/1701198151/20231128140454.record.00000,Van2,1701198151,GreenRoute,False,both,21409,2796,0.8844866763065482
25135418-f250-11ee-bb4a-fb353e7798cd,1.7012e+18,1.7012e+18,751183,/Deployment_2_SEOhio/GreenRoute/TRCVan2/1701199673/20231128142921.record.00000,/Deployment_2_SEOhio/GreenRoute/TRCVan2/1701199673/20231128142921.record.00000,Van2,1701199673,GreenRoute,False,both,22093,2912,0.8835432913417317
cbdc93f4-f255-11ee-bb4e-fb353e7798cd,1.7012e+18,1.7012e+18,705558,/Deployment_2_SEOhio/GreenRoute/TRCVan2/1701203037/20231128152559.record.00000,/Deployment_2_SEOhio/GreenRoute/TRCVan2/1701203037/20231128152559.record.00000,Van2,1701203037,GreenRoute,False,both,20730,2758,0.8825783378746594
de226278-f25a-11ee-bb4e-fb353e7798cd,1.7012e+18,1.70121e+18,743008,/Deployment_2_SEOhio/GreenRoute/TRCVan2/1701204159/20231128154451.record.00000,/Deployment_2_SEOhio/GreenRoute/TRCVan2/1701204159/20231128154451.record.00000,Van2,1701204159,GreenRoute,False,both,20402,4328,0.8249898908208654
