groupMetadataID,latitudeStdDev,longitude,time,latitude,longitudeStdDev,numSatsInSolution
cf7148d8-f058-11ee-b98a-fb353e7798cd,0.010917848,-82.43848352851029,1694543170059917740,39.32691025452473,0.007902998,16
cf7148d8-f058-11ee-b98a-fb353e7798cd,0.010952372,-82.43848206194775,1694543171045130313,39.32691016437667,0.0078825345,16
cf7148d8-f058-11ee-b98a-fb353e7798cd,0.010919637,-82.4384770272008,1694543172050580406,39.326909847898506,0.007873442,16
cf7148d8-f058-11ee-b98a-fb353e7798cd,0.010923047,-82.43846645864797,1694543173045652963,39.32690917454102,0.007893454,16
cf7148d8-f058-11ee-b98a-fb353e7798cd,0.011048148,-82.43844735224235,1694543174050319396,39.32690775906977,0.008008477,16
cf7148d8-f058-11ee-b98a-fb353e7798cd,0.011015433,-82.43841853777583,1694543175047542479,39.326905443196566,0.007986243,16
cf7148d8-f058-11ee-b98a-fb353e7798cd,0.0113153625,-82.43838305892784,1694543176053541898,39.32690185894459,0.008097395,16
cf7148d8-f058-11ee-b98a-fb353e7798cd,0.011306682,-82.43834200907064,1694543177054578641,39.326896708391736,0.008273096,16
cf7148d8-f058-11ee-b98a-fb353e7798cd,0.0113346465,-82.43829062255294,1694543178048556075,39.32689085800598,0.008252475,16
cf7148d8-f058-11ee-b98a-fb353e7798cd,0.011312866,-82.4382297208741,1694543179050981664,39.32688388334333,0.00819408,16
cf7148d8-f058-11ee-b98a-fb353e7798cd,0.011281044,-82.43816065831614,1694543180057744753,39.326878237201875,0.008172912,16
cf7148d8-f058-11ee-b98a-fb353e7798cd,0.0113065895,-82.43808298056445,1694543181049066257,39.32687360583473,0.008186778,16
cf7148d8-f058-11ee-b98a-fb353e7798cd,0.0113480585,-82.43799458647399,1694543182061801346,39.3268695624869,0.008121042,16
cf7148d8-f058-11ee-b98a-fb353e7798cd,0.011418534,-82.43789643137018,1694543183055568848,39.32686494106955,0.008134497,15
cf7148d8-f058-11ee-b98a-fb353e7798cd,0.011352728,-82.43779465858954,1694543184049280544,39.32685646477274,0.008120465,15
cf7148d8-f058-11ee-b98a-fb353e7798cd,0.011201591,-82.43769324260899,1694543185051302425,39.32683910576781,0.008068748,16
cf7148d8-f058-11ee-b98a-fb353e7798cd,0.011247921,-82.43759149145286,1694543186048548587,39.32680994792477,0.00837926,16
cf7148d8-f058-11ee-b98a-fb353e7798cd,0.011332843,-82.43749209947045,1694543187051251373,39.32676581792911,0.008479468,16
cf7148d8-f058-11ee-b98a-fb353e7798cd,0.011938278,-82.43739994637151,1694543188047011528,39.32670656015824,0.008664037,16
cf7148d8-f058-11ee-b98a-fb353e7798cd,0.012227884,-82.43731285665551,1694543189049822476,39.326636845023565,0.008760918,15
cf7148d8-f058-11ee-b98a-fb353e7798cd,0.012832808,-82.43722645079009,1694543190070007583,39.326562657010754,0.009252493,16
cf7148d8-f058-11ee-b98a-fb353e7798cd,0.013691998,-82.43714152211352,1694543191048208690,39.326486908541696,0.009861218,15
cf7148d8-f058-11ee-b98a-fb353e7798cd,0.014459543,-82.43705415570341,1694543192072895394,39.32640740209733,0.010441938,15
cf7148d8-f058-11ee-b98a-fb353e7798cd,0.015252228,-82.43695906241743,1694543193054307932,39.32631975824647,0.011247053,14
cf7148d8-f058-11ee-b98a-fb353e7798cd,0.015941964,-82.43684994189468,1694543194054722438,39.326221241302505,0.011987595,14
cf7148d8-f058-11ee-b98a-fb353e7798cd,0.022997791,-82.43672986007277,1694543195068923884,39.32611328363131,0.0141638145,11
cf7148d8-f058-11ee-b98a-fb353e7798cd,0.021984957,-82.43660154822581,1694543196065842036,39.32599755886446,0.015492948,10
cf7148d8-f058-11ee-b98a-fb353e7798cd,0.019276535,-82.4364666722777,1694543197053746492,39.32587522762407,0.015239587,12
cf7148d8-f058-11ee-b98a-fb353e7798cd,0.026540948,-82.4363260773627,1694543198065776573,39.32574825098489,0.01842907,9
cf7148d8-f058-11ee-b98a-fb353e7798cd,0.034270983,-82.43618126295915,1694543199052601806,39.32561764273863,0.030616876,9
cf7148d8-f058-11ee-b98a-fb353e7798cd,0.033880144,-82.43603402264456,1694543200068399593,39.325484894974544,0.022465942,9
cf7148d8-f058-11ee-b98a-fb353e7798cd,0.036609225,-82.43588515850769,1694543201049210245,39.32535078988403,0.020957708,8
cf7148d8-f058-11ee-b98a-fb353e7798cd,0.035861235,-82.43573445677502,1694543202082292793,39.325217104884175,0.019097757,9
cf7148d8-f058-11ee-b98a-fb353e7798cd,0.030153964,-82.43558388078114,1694543203059560432,39.325083483463146,0.015811723,12
cf7148d8-f058-11ee-b98a-fb353e7798cd,0.029116081,-82.43543356934155,1694543204051980361,39.324951910726995,0.015296615,13
cf7148d8-f058-11ee-b98a-fb353e7798cd,0.028832283,-82.435281751059,1694543205053311328,39.32481953537486,0.015129089,14
cf7148d8-f058-11ee-b98a-fb353e7798cd,0.016354892,-82.43512672620382,1694543206047712151,39.324681870806636,0.011754216,14
cf7148d8-f058-11ee-b98a-fb353e7798cd,0.0157577,-82.4349707034419,1694543207050731707,39.32454310258113,0.011421416,15
cf7148d8-f058-11ee-b98a-fb353e7798cd,0.016553313,-82.43481460628718,1694543208065607791,39.32440662373379,0.013239083,12
cf7148d8-f058-11ee-b98a-fb353e7798cd,0.01906542,-82.43465832039438,1694543209091550961,39.3242741055192,0.017118435,8
cf7148d8-f058-11ee-b98a-fb353e7798cd,0.028030556,-82.43449951824296,1694543210057553865,39.32414457446708,0.0313106,7
cf7148d8-f058-11ee-b98a-fb353e7798cd,0.03217812,-82.43433868800142,1694543211069306971,39.3240141639799,0.034930024,9
cf7148d8-f058-11ee-b98a-fb353e7798cd,0.03509079,-82.43417768774692,1694543212062275394,39.323879808158665,0.03771725,11
cf7148d8-f058-11ee-b98a-fb353e7798cd,0.03681789,-82.43402008810581,1694543213053838594,39.32374067752264,0.039540622,11
cf7148d8-f058-11ee-b98a-fb353e7798cd,0.03797374,-82.43387073575865,1694543214058172043,39.32359829443958,0.040609736,13
cf7148d8-f058-11ee-b98a-fb353e7798cd,0.038917605,-82.43373089348255,1694543215054665923,39.323454059639424,0.041341413,13
cf7148d8-f058-11ee-b98a-fb353e7798cd,0.039657876,-82.4335980004154,1694543216064360420,39.323309077892915,0.04184359,14
cf7148d8-f058-11ee-b98a-fb353e7798cd,0.040222995,-82.43346749449404,1694543217058715519,39.32316569876157,0.042224698,14
cf7148d8-f058-11ee-b98a-fb353e7798cd,0.010891746,-82.43333756223544,1694543218058945064,39.32302324879234,0.0085131,13
cf7148d8-f058-11ee-b98a-fb353e7798cd,0.025550943,-82.43320583827132,1694543219059544728,39.32288007430845,0.012095112,12
cf7148d8-f058-11ee-b98a-fb353e7798cd,0.03130385,-82.4330698918792,1694543220051385191,39.32273699152355,0.01707228,9
cf7148d8-f058-11ee-b98a-fb353e7798cd,0.03229356,-82.4329275935831,1694543221051674997,39.322595833532155,0.026860058,10
cf7148d8-f058-11ee-b98a-fb353e7798cd,0.032692716,-82.43277341744744,1694543222074320268,39.322460463188484,0.02475121,11
cf7148d8-f058-11ee-b98a-fb353e7798cd,0.0351795,-82.43260627654011,1694543223069763512,39.3223326107745,0.025941905,11
cf7148d8-f058-11ee-b98a-fb353e7798cd,0.021256631,-82.43243046057076,1694543224050530070,39.322210857728,0.017343756,14
cf7148d8-f058-11ee-b98a-fb353e7798cd,0.020681582,-82.43225103709491,1694543225057618209,39.32209298898818,0.017952789,12
cf7148d8-f058-11ee-b98a-fb353e7798cd,0.023903595,-82.43207008047004,1694543226054529612,39.32197794760297,0.03241791,9
cf7148d8-f058-11ee-b98a-fb353e7798cd,0.054552335,-82.43189155915277,1694543227053812059,39.32186473023544,0.038450513,6
cf7148d8-f058-11ee-b98a-fb353e7798cd,1.4222379,-82.43171382974096,1694543228048591765,39.321751610573905,0.4475492,5
cf7148d8-f058-11ee-b98a-fb353e7798cd,1.763538,-82.43158936080275,1694543229059573266,39.321671730472715,0.5443233,0
cf7148d8-f058-11ee-b98a-fb353e7798cd,1.8857559,-82.43135980889089,1694543230063393325,39.3215314379462,0.9611106,0
cf7148d8-f058-11ee-b98a-fb353e7798cd,1.8829964,-82.43116924665088,1694543231055124980,39.32141610516248,0.9351355,5
cf7148d8-f058-11ee-b98a-fb353e7798cd,1.8831211,-82.4309975747739,1694543232072361238,39.32130470655658,0.93099105,5
cf7148d8-f058-11ee-b98a-fb353e7798cd,1.880292,-82.43081609813025,1694543233047035094,39.3211889934111,0.9153434,5
cf7148d8-f058-11ee-b98a-fb353e7798cd,1.8762656,-82.43062762645152,1694543234054621307,39.32107216819567,0.906784,6
cf7148d8-f058-11ee-b98a-fb353e7798cd,1.3759937,-82.4304426328985,1694543235053141412,39.320963160420945,0.8603522,8
cf7148d8-f058-11ee-b98a-fb353e7798cd,1.2842896,-82.43026071773093,1694543236055732941,39.32085258586686,0.8059691,8
cf7148d8-f058-11ee-b98a-fb353e7798cd,1.8512626,-82.4300877623734,1694543237058474133,39.320729372949515,0.89909256,6
cf7148d8-f058-11ee-b98a-fb353e7798cd,1.8467063,-82.4299265637222,1694543238047164905,39.32062501022397,0.9227881,6
cf7148d8-f058-11ee-b98a-fb353e7798cd,1.8481779,-82.4297735372513,1694543239045166268,39.32052917760478,0.9006854,6
cf7148d8-f058-11ee-b98a-fb353e7798cd,1.843948,-82.42963343795815,1694543240053543861,39.32044083063509,0.9032782,6
cf7148d8-f058-11ee-b98a-fb353e7798cd,1.8802451,-82.42951088315105,1694543241057959829,39.320363186503684,0.90105647,8
cf7148d8-f058-11ee-b98a-fb353e7798cd,1.4619161,-82.42940429366884,1694543242055607705,39.32030289753036,0.8840914,8
cf7148d8-f058-11ee-b98a-fb353e7798cd,1.8946826,-82.4293175048046,1694543243060190024,39.32024007200607,0.9191544,5
cf7148d8-f058-11ee-b98a-fb353e7798cd,1.9324332,-82.42924050606081,1694543244058721850,39.320190028233625,0.997358,5
cf7148d8-f058-11ee-b98a-fb353e7798cd,1.9364779,-82.42917316571648,1694543245066378963,39.32014920280116,0.9630308,0
cf7148d8-f058-11ee-b98a-fb353e7798cd,1.4349207,-82.4291093709851,1694543246052766548,39.32012479065399,0.8865286,6
cf7148d8-f058-11ee-b98a-fb353e7798cd,0.9572033,-82.42906253582778,1694543247052277799,39.32010515226256,0.82544726,7
cf7148d8-f058-11ee-b98a-fb353e7798cd,0.88361,-82.42902337140417,1694543248046691077,39.3200792207312,0.81605864,8
cf7148d8-f058-11ee-b98a-fb353e7798cd,0.867049,-82.42899399854737,1694543249060045980,39.320053898489284,0.80638874,9
cf7148d8-f058-11ee-b98a-fb353e7798cd,1.0002646,-82.4289788143017,1694543250066960029,39.32002844046958,0.8830366,10
cf7148d8-f058-11ee-b98a-fb353e7798cd,0.9488722,-82.42896401141962,1694543251069737631,39.32001130159203,0.86011827,12
cf7148d8-f058-11ee-b98a-fb353e7798cd,0.806789,-82.42894658416593,1694543252061982079,39.320003055071695,0.68630904,12
cf7148d8-f058-11ee-b98a-fb353e7798cd,0.79538953,-82.42895393080948,1694543253054548911,39.319990595071225,0.809423,11
cf7148d8-f058-11ee-b98a-fb353e7798cd,0.76697737,-82.42894449999989,1694543254057358685,39.31998520659975,0.7228227,12
cf7148d8-f058-11ee-b98a-fb353e7798cd,0.7614146,-82.42894140392588,1694543255068974554,39.31998329763315,0.71740735,12
cf7148d8-f058-11ee-b98a-fb353e7798cd,0.76414835,-82.42893599197569,1694543256069721512,39.3199781912011,0.7010537,12
cf7148d8-f058-11ee-b98a-fb353e7798cd,0.011917232,-82.42893911747443,1694543257049486922,39.319975374523544,0.009947265,12
cf7148d8-f058-11ee-b98a-fb353e7798cd,0.011625268,-82.42893896808906,1694543258077855654,39.31997494767985,0.009611426,12
cf7148d8-f058-11ee-b98a-fb353e7798cd,0.010869866,-82.4289389176113,1694543259060028320,39.319974879736584,0.008629675,12
cf7148d8-f058-11ee-b98a-fb353e7798cd,0.010811615,-82.42893891227595,1694543260049388220,39.31997494208518,0.008555985,12
cf7148d8-f058-11ee-b98a-fb353e7798cd,0.010742565,-82.42893894297872,1694543261047120019,39.31997489882891,0.008482448,13
cf7148d8-f058-11ee-b98a-fb353e7798cd,0.010694488,-82.42893885698828,1694543262061586630,39.31997450285522,0.0084388275,13
cf7148d8-f058-11ee-b98a-fb353e7798cd,0.010979209,-82.42893790700018,1694543263054594720,39.319970102261976,0.008486734,13
cf7148d8-f058-11ee-b98a-fb353e7798cd,0.011095408,-82.42893745917442,1694543264053957858,39.319962225784316,0.008680153,12
cf7148d8-f058-11ee-b98a-fb353e7798cd,0.010994269,-82.42893817139237,1694543265142425241,39.31995444169245,0.009351973,11
cf7148d8-f058-11ee-b98a-fb353e7798cd,0.011427873,-82.4289397629192,1694543266062594050,39.31994671387779,0.00960001,10
cf7148d8-f058-11ee-b98a-fb353e7798cd,0.012203243,-82.42894544051883,1694543267066021698,39.319932800569084,0.010105995,10
cf7148d8-f058-11ee-b98a-fb353e7798cd,0.013048466,-82.42896785298919,1694543268055577443,39.319906276435425,0.013798185,9
cf7148d8-f058-11ee-b98a-fb353e7798cd,0.017576324,-82.42900578249633,1694543269049799621,39.31987465537243,0.027486367,8
cf7148d8-f058-11ee-b98a-fb353e7798cd,0.017403543,-82.42906648768219,1694543270053187126,39.31983477150984,0.025460238,8
cf7148d8-f058-11ee-b98a-fb353e7798cd,0.072478354,-82.42914749293416,1694543271054335993,39.319786011849814,0.10588183,9
cf7148d8-f058-11ee-b98a-fb353e7798cd,0.09748939,-82.42923775943486,1694543272063242200,39.31972429738414,0.13944563,8
cf7148d8-f058-11ee-b98a-fb353e7798cd,0.21742322,-82.4293312828376,1694543273062532960,39.31965063942403,0.29345915,7
cf7148d8-f058-11ee-b98a-fb353e7798cd,0.21946114,-82.42943121541258,1694543274048186169,39.31956995797996,0.29617035,8
cf7148d8-f058-11ee-b98a-fb353e7798cd,0.22351353,-82.42953528467017,1694543275047361124,39.31948140390475,0.29875514,7
cf7148d8-f058-11ee-b98a-fb353e7798cd,0.23499346,-82.42963640761407,1694543276051635206,39.31938332771097,0.30517676,8
cf7148d8-f058-11ee-b98a-fb353e7798cd,0.23761372,-82.42973539845157,1694543277050521136,39.319277379798336,0.30840796,7
cf7148d8-f058-11ee-b98a-fb353e7798cd,0.2392136,-82.42983286623202,1694543278055435391,39.31916631029067,0.31095517,7
cf7148d8-f058-11ee-b98a-fb353e7798cd,0.24806644,-82.42992992013974,1694543279042390334,39.31905260029217,0.37617278,4
cf7148d8-f058-11ee-b98a-fb353e7798cd,0.27573118,-82.43000881200692,1694543280055246052,39.31896011198076,0.4262017,0
cf7148d8-f058-11ee-b98a-fb353e7798cd,1.0287436,-82.4301339747991,1694543281049886308,39.3188206404525,1.5235453,9
cf7148d8-f058-11ee-b98a-fb353e7798cd,3.1369536,-82.43021261858779,1694543282053594568,39.31868962985559,4.993495,8
cf7148d8-f058-11ee-b98a-fb353e7798cd,1.0367955,-82.43032073990689,1694543283051767869,39.31857466787774,1.5052488,8
cf7148d8-f058-11ee-b98a-fb353e7798cd,1.9978216,-82.43040124372475,1694543284061711625,39.31844978886806,1.5907484,5
cf7148d8-f058-11ee-b98a-fb353e7798cd,1.992343,-82.43047608100103,1694543285056734387,39.31832234050798,1.580736,7
cf7148d8-f058-11ee-b98a-fb353e7798cd,1.501904,-82.43055155421239,1694543286055173632,39.31820418521015,1.5687505,5
cf7148d8-f058-11ee-b98a-fb353e7798cd,1.4728023,-82.4306262192541,1694543287053755581,39.318075507812765,1.5526692,7
cf7148d8-f058-11ee-b98a-fb353e7798cd,1.4211818,-82.43070560945154,1694543288065453631,39.31793968015432,1.53236,7
cf7148d8-f058-11ee-b98a-fb353e7798cd,1.3520132,-82.43078855327845,1694543289059422461,39.31780632959058,1.5073665,7
cf7148d8-f058-11ee-b98a-fb353e7798cd,1.3035907,-82.43086262267342,1694543290052239272,39.31767647265038,1.4889966,6
cf7148d8-f058-11ee-b98a-fb353e7798cd,1.3130237,-82.43094336473195,1694543291069844853,39.3175488949312,1.553017,6
cf7148d8-f058-11ee-b98a-fb353e7798cd,1.2575861,-82.4310156898116,1694543292072109472,39.31742101984784,1.5073061,5
cf7148d8-f058-11ee-b98a-fb353e7798cd,1.2135693,-82.43109974375217,1694543293049857200,39.31729230609517,1.4778788,6
cf7148d8-f058-11ee-b98a-fb353e7798cd,1.1821079,-82.4311746961819,1694543294086945101,39.317161757720534,1.4734489,5
cf7148d8-f058-11ee-b98a-fb353e7798cd,1.0815768,-82.43122846371257,1694543295057069848,39.31702220060497,1.2696422,6
cf7148d8-f058-11ee-b98a-fb353e7798cd,1.1239765,-82.43128858098174,1694543296066802775,39.316888333733296,1.4950933,7
cf7148d8-f058-11ee-b98a-fb353e7798cd,1.1420422,-82.43134322066554,1694543297059545068,39.31674563471937,1.5888857,7
cf7148d8-f058-11ee-b98a-fb353e7798cd,1.1078461,-82.43138389556087,1694543298053734729,39.316609580350736,1.5696125,5
cf7148d8-f058-11ee-b98a-fb353e7798cd,1.0653219,-82.43142899706419,1694543299065395978,39.31646646046908,1.5766054,6
cf7148d8-f058-11ee-b98a-fb353e7798cd,1.0642203,-82.43146759180432,1694543300051249743,39.316327362803065,1.6188735,8
cf7148d8-f058-11ee-b98a-fb353e7798cd,1.0596565,-82.43150303816348,1694543301048121889,39.316189409682295,1.6525006,8
cf7148d8-f058-11ee-b98a-fb353e7798cd,1.0498935,-82.4315395097387,1694543302069896507,39.31604967297636,1.6651665,9
cf7148d8-f058-11ee-b98a-fb353e7798cd,1.5269085,-82.43158062020979,1694543303054246876,39.31591080208952,2.8038564,9
cf7148d8-f058-11ee-b98a-fb353e7798cd,1.5172347,-82.43162370211341,1694543304057433101,39.31577665232217,2.8093975,8
cf7148d8-f058-11ee-b98a-fb353e7798cd,1.0536557,-82.43165058410735,1694543305053876430,39.31563999801526,1.7078631,8
cf7148d8-f058-11ee-b98a-fb353e7798cd,1.0514833,-82.43169669393207,1694543306059932746,39.31551231426957,1.7160503,9
cf7148d8-f058-11ee-b98a-fb353e7798cd,1.5458453,-82.43176261936888,1694543307054240240,39.31539115039882,2.854025,7
cf7148d8-f058-11ee-b98a-fb353e7798cd,1.0888888,-82.43183640788186,1694543308055797849,39.31527786290386,1.7905068,9
cf7148d8-f058-11ee-b98a-fb353e7798cd,1.0818033,-82.43190393239645,1694543309057026087,39.31516460117693,1.762402,11
cf7148d8-f058-11ee-b98a-fb353e7798cd,1.0158111,-82.43199755447334,1694543310060644048,39.3150676902819,1.5227134,12
cf7148d8-f058-11ee-b98a-fb353e7798cd,1.1135525,-82.43210222840052,1694543311062837312,39.31498947646588,1.4274304,9
cf7148d8-f058-11ee-b98a-fb353e7798cd,1.013477,-82.43222015592897,1694543312061506195,39.31491918114308,1.1279082,12
cf7148d8-f058-11ee-b98a-fb353e7798cd,0.93741566,-82.43234574805004,1694543313057752148,39.31485997421785,1.0641379,11
cf7148d8-f058-11ee-b98a-fb353e7798cd,0.7009126,-82.43246573419417,1694543314056846782,39.31480849957293,0.99484235,10
cf7148d8-f058-11ee-b98a-fb353e7798cd,0.6613858,-82.43260077224417,1694543315050176522,39.31477189052292,0.90284485,9
cf7148d8-f058-11ee-b98a-fb353e7798cd,0.6321951,-82.43274058931603,1694543316048803128,39.31473188111577,0.80316496,8
cf7148d8-f058-11ee-b98a-fb353e7798cd,0.6094171,-82.4328663374878,1694543317059035457,39.31468728656985,0.7357168,8
cf7148d8-f058-11ee-b98a-fb353e7798cd,0.58683765,-82.43297752276902,1694543318055507422,39.3146442481421,0.6815235,8
cf7148d8-f058-11ee-b98a-fb353e7798cd,0.55967414,-82.43307891070316,1694543319072202118,39.31459555005027,0.632897,7
cf7148d8-f058-11ee-b98a-fb353e7798cd,0.5621852,-82.43317725270107,1694543320051241327,39.314542254946616,0.63474184,7
cf7148d8-f058-11ee-b98a-fb353e7798cd,0.5724979,-82.43327891348522,1694543321059989224,39.314486790178776,0.6453258,6
cf7148d8-f058-11ee-b98a-fb353e7798cd,0.62059087,-82.43338578332525,1694543322062221797,39.31442967808894,0.6787298,6
cf7148d8-f058-11ee-b98a-fb353e7798cd,0.64323354,-82.43349798154274,1694543323054100169,39.3143716328477,0.68959254,7
cf7148d8-f058-11ee-b98a-fb353e7798cd,0.6449646,-82.43361918300468,1694543324054720838,39.314316838690424,0.6902088,7
cf7148d8-f058-11ee-b98a-fb353e7798cd,0.6458108,-82.43374652309514,1694543325046637781,39.314266569695285,0.69046974,7
cf7148d8-f058-11ee-b98a-fb353e7798cd,0.64607906,-82.43387960778388,1694543326049259953,39.31421820345363,0.69056416,11
cf7148d8-f058-11ee-b98a-fb353e7798cd,0.64616334,-82.43401788012893,1694543327050164548,39.31416835197903,0.69061816,12
cf7148d8-f058-11ee-b98a-fb353e7798cd,0.6462585,-82.43415689657104,1694543328063126727,39.31411202785262,0.69067585,11
cf7148d8-f058-11ee-b98a-fb353e7798cd,0.64632314,-82.43429157132525,1694543329064098327,39.314045919643405,0.69071364,15
cf7148d8-f058-11ee-b98a-fb353e7798cd,0.012355779,-82.4344239310524,1694543330049531171,39.31397024202065,0.009721992,14
cf7148d8-f058-11ee-b98a-fb353e7798cd,0.011865278,-82.43453401996904,1694543331065398802,39.31387536821617,0.009601725,15
cf7148d8-f058-11ee-b98a-fb353e7798cd,0.01100934,-82.43462729881337,1694543332060850075,39.31376545656491,0.008354305,15
cf7148d8-f058-11ee-b98a-fb353e7798cd,0.010867932,-82.43471687251252,1694543333048229970,39.313647261263604,0.008118136,15
cf7148d8-f058-11ee-b98a-fb353e7798cd,0.010825716,-82.43480910418735,1694543334049899495,39.31352573095387,0.008515747,14
cf7148d8-f058-11ee-b98a-fb353e7798cd,0.010796647,-82.43490376742469,1694543335054189461,39.31340453687108,0.008841883,14
cf7148d8-f058-11ee-b98a-fb353e7798cd,0.0109497085,-82.43500082102688,1694543336055769458,39.31328527724514,0.009246343,13
cf7148d8-f058-11ee-b98a-fb353e7798cd,0.010829442,-82.4350995406624,1694543337048664180,39.31316859221531,0.0088568535,12
cf7148d8-f058-11ee-b98a-fb353e7798cd,0.010660093,-82.43519877929621,1694543338060172111,39.31305132352126,0.008566697,14
cf7148d8-f058-11ee-b98a-fb353e7798cd,0.010516787,-82.43529732225655,1694543339050998754,39.31293478263608,0.008435921,15
cf7148d8-f058-11ee-b98a-fb353e7798cd,0.010490117,-82.43539791433118,1694543340047497376,39.31281578900562,0.00839985,15
cf7148d8-f058-11ee-b98a-fb353e7798cd,0.011016146,-82.43550270428837,1694543341050506258,39.312688561412855,0.008830715,14
cf7148d8-f058-11ee-b98a-fb353e7798cd,0.011250683,-82.43561821802518,1694543342077685463,39.312550709203805,0.008996871,14
cf7148d8-f058-11ee-b98a-fb353e7798cd,0.011166628,-82.43573753302334,1694543343072138012,39.3124120732691,0.0092657,13
cf7148d8-f058-11ee-b98a-fb353e7798cd,0.0112625575,-82.43585872379107,1694543344049144826,39.31226860401008,0.011376379,13
cf7148d8-f058-11ee-b98a-fb353e7798cd,0.010977051,-82.4359829253596,1694543345048796034,39.31212152919374,0.010298851,14
cf7148d8-f058-11ee-b98a-fb353e7798cd,0.010691698,-82.43610882707655,1694543346051039567,39.31197229307094,0.009360009,14
cf7148d8-f058-11ee-b98a-fb353e7798cd,0.012190428,-82.43623796855037,1694543347054108066,39.31182322584388,0.014333117,14
cf7148d8-f058-11ee-b98a-fb353e7798cd,0.01175155,-82.43636857280983,1694543348050318465,39.311674367507216,0.012926299,13
cf7148d8-f058-11ee-b98a-fb353e7798cd,0.012380086,-82.43649815494793,1694543349060082736,39.31152448467075,0.015598069,11
cf7148d8-f058-11ee-b98a-fb353e7798cd,0.011862811,-82.43662640936317,1694543350046689137,39.31137334938588,0.013178847,13
cf7148d8-f058-11ee-b98a-fb353e7798cd,0.011502142,-82.43675405880008,1694543351053467625,39.31122187949353,0.0117212925,12
cf7148d8-f058-11ee-b98a-fb353e7798cd,0.011128635,-82.4368821020618,1694543352068614257,39.31107050752644,0.010615503,12
cf7148d8-f058-11ee-b98a-fb353e7798cd,0.010857166,-82.4370116213712,1694543353052168208,39.31091976718124,0.009827526,13
cf7148d8-f058-11ee-b98a-fb353e7798cd,0.010709262,-82.43714178263957,1694543354049505450,39.31076934011235,0.008385445,14
cf7148d8-f058-11ee-b98a-fb353e7798cd,0.010644706,-82.4372717211751,1694543355050679207,39.310618794794834,0.008143516,15
cf7148d8-f058-11ee-b98a-fb353e7798cd,0.010559454,-82.43740098837355,1694543356053409772,39.31046821093961,0.0079970835,15
cf7148d8-f058-11ee-b98a-fb353e7798cd,0.010703086,-82.43753000946236,1694543357048551643,39.31031831761473,0.008267573,15
cf7148d8-f058-11ee-b98a-fb353e7798cd,0.010689935,-82.43765785919751,1694543358053726964,39.31016885670495,0.008591185,14
cf7148d8-f058-11ee-b98a-fb353e7798cd,0.011163887,-82.4377877824703,1694543359058715901,39.31002207038084,0.008834397,13
cf7148d8-f058-11ee-b98a-fb353e7798cd,0.011082891,-82.43792637375596,1694543360047004476,39.30988191317858,0.008604522,15
cf7148d8-f058-11ee-b98a-fb353e7798cd,0.009960805,-82.4380777381908,1694543361059601026,39.30975247764587,0.008335198,16
cf7148d8-f058-11ee-b98a-fb353e7798cd,0.011038584,-82.4382410503541,1694543362056262816,39.30963396885163,0.0082963,15
cf7148d8-f058-11ee-b98a-fb353e7798cd,0.010544793,-82.43841220920814,1694543363049792775,39.30952259321942,0.0076500955,15
cf7148d8-f058-11ee-b98a-fb353e7798cd,0.01031717,-82.43858948714589,1694543364053969858,39.309416081074254,0.007539591,16
cf7148d8-f058-11ee-b98a-fb353e7798cd,0.010214357,-82.4387688288961,1694543365046274253,39.30930985462889,0.0074473857,15
cf7148d8-f058-11ee-b98a-fb353e7798cd,0.010186415,-82.43894964625666,1694543366050381124,39.309202212709565,0.0074383346,15
cf7148d8-f058-11ee-b98a-fb353e7798cd,0.010547004,-82.4391318826546,1694543367055184868,39.30909363948517,0.007528761,15
cf7148d8-f058-11ee-b98a-fb353e7798cd,0.0106143635,-82.43931538157354,1694543368068539814,39.30898423084607,0.007542297,14
cf7148d8-f058-11ee-b98a-fb353e7798cd,0.009948375,-82.43949909247081,1694543369079035561,39.308873636319255,0.007519229,14
cf7148d8-f058-11ee-b98a-fb353e7798cd,0.010152942,-82.43968351812161,1694543370050696732,39.308762324895405,0.0082858745,13
cf7148d8-f058-11ee-b98a-fb353e7798cd,0.012463994,-82.43987002406794,1694543371059111876,39.30865193628409,0.010752106,9
cf7148d8-f058-11ee-b98a-fb353e7798cd,0.014387255,-82.44005692957353,1694543372069578309,39.308541807116505,0.013402372,9
cf7148d8-f058-11ee-b98a-fb353e7798cd,0.013138807,-82.44024367517555,1694543373051161086,39.30843172049271,0.012464681,15
cf7148d8-f058-11ee-b98a-fb353e7798cd,0.012436565,-82.44043063709296,1694543374057744408,39.308322125567656,0.011647039,15
cf7148d8-f058-11ee-b98a-fb353e7798cd,0.012105336,-82.44061818229098,1694543375057987784,39.30821233682154,0.011460273,16
cf7148d8-f058-11ee-b98a-fb353e7798cd,0.012027506,-82.44080592742478,1694543376058958013,39.30810241101081,0.0113534415,16
cf7148d8-f058-11ee-b98a-fb353e7798cd,0.009994968,-82.440994016294,1694543377061528291,39.307992241896045,0.008132782,16
cf7148d8-f058-11ee-b98a-fb353e7798cd,0.010168856,-82.441182188088,1694543378056825572,39.30788233594528,0.008130413,16
cf7148d8-f058-11ee-b98a-fb353e7798cd,0.009498957,-82.44136986564504,1694543379054162889,39.30777351716303,0.0073647997,16
cf7148d8-f058-11ee-b98a-fb353e7798cd,0.0093936855,-82.44155662840352,1694543380065383884,39.30766537400914,0.0073138108,16
cf7148d8-f058-11ee-b98a-fb353e7798cd,0.009641413,-82.44174079150815,1694543381061427346,39.307555991722694,0.0074118357,15
cf7148d8-f058-11ee-b98a-fb353e7798cd,0.009675877,-82.44192537990924,1694543382062030262,39.30744801190341,0.007748997,15
cf7148d8-f058-11ee-b98a-fb353e7798cd,0.009654443,-82.44211169488686,1694543383055817317,39.307342058164544,0.007776197,15
cf7148d8-f058-11ee-b98a-fb353e7798cd,0.009681432,-82.44229774478563,1694543384063790558,39.307236197136206,0.0074944347,15
cf7148d8-f058-11ee-b98a-fb353e7798cd,0.009665162,-82.44248200391336,1694543385053597639,39.30712958687249,0.007449759,15
cf7148d8-f058-11ee-b98a-fb353e7798cd,0.009662009,-82.44266617801478,1694543386057974939,39.30702311851423,0.0074862656,15
cf7148d8-f058-11ee-b98a-fb353e7798cd,0.009591773,-82.44285230730353,1694543387054608986,39.30691613910782,0.0074203,16
cf7148d8-f058-11ee-b98a-fb353e7798cd,0.009728805,-82.44303919675005,1694543388046870809,39.3068084605692,0.007785013,15
cf7148d8-f058-11ee-b98a-fb353e7798cd,0.009696248,-82.44322402833403,1694543389050610366,39.30670082715336,0.0077187973,15
cf7148d8-f058-11ee-b98a-fb353e7798cd,0.009653196,-82.44340534769701,1694543390059332651,39.306593101081845,0.007788501,16
cf7148d8-f058-11ee-b98a-fb353e7798cd,0.010050421,-82.44358431900363,1694543391054239230,39.30648692262097,0.009538996,13
cf7148d8-f058-11ee-b98a-fb353e7798cd,0.013995377,-82.44376688044868,1694543392065381531,39.30638549506031,0.02223739,9
cf7148d8-f058-11ee-b98a-fb353e7798cd,0.01620088,-82.4439591998364,1694543393064990276,39.30629229349388,0.020688802,10
cf7148d8-f058-11ee-b98a-fb353e7798cd,0.015329304,-82.44416061444393,1694543394049117754,39.306208322511345,0.018446025,12
cf7148d8-f058-11ee-b98a-fb353e7798cd,0.014887858,-82.44436321424796,1694543395047825191,39.30612709177233,0.017941281,14
cf7148d8-f058-11ee-b98a-fb353e7798cd,0.01488508,-82.44456183418275,1694543396053988591,39.3060455367876,0.017884172,13
cf7148d8-f058-11ee-b98a-fb353e7798cd,0.0112043265,-82.44475319649739,1694543397062973880,39.305959693177705,0.009635641,13
cf7148d8-f058-11ee-b98a-fb353e7798cd,0.010886547,-82.44493095696038,1694543398069803077,39.30586157380054,0.009427759,14
cf7148d8-f058-11ee-b98a-fb353e7798cd,0.010683568,-82.44508498073019,1694543399077335254,39.305746486812026,0.012069895,12
cf7148d8-f058-11ee-b98a-fb353e7798cd,0.014432752,-82.44522349374616,1694543400048362343,39.30562568831543,0.017445402,12
cf7148d8-f058-11ee-b98a-fb353e7798cd,0.013563521,-82.4453528215612,1694543401054171023,39.30550438999119,0.017061159,12
cf7148d8-f058-11ee-b98a-fb353e7798cd,0.013645029,-82.44547285431338,1694543402058058283,39.305383861944954,0.018088566,11
cf7148d8-f058-11ee-b98a-fb353e7798cd,0.014596536,-82.44558804584524,1694543403049153917,39.30526726068375,0.020553676,14
cf7148d8-f058-11ee-b98a-fb353e7798cd,0.015175905,-82.44569993098054,1694543404072495308,39.30515621278617,0.021533394,12
cf7148d8-f058-11ee-b98a-fb353e7798cd,0.013118246,-82.44580834243267,1694543405048199317,39.305048392868166,0.017443424,13
cf7148d8-f058-11ee-b98a-fb353e7798cd,0.013849834,-82.44592057268957,1694543406058357833,39.30494374355799,0.019539708,10
cf7148d8-f058-11ee-b98a-fb353e7798cd,0.0148837445,-82.44604312434787,1694543407057673545,39.304836919812644,0.020720096,14
cf7148d8-f058-11ee-b98a-fb353e7798cd,0.014931259,-82.44617298188457,1694543408059043868,39.3047208948588,0.021221858,13
cf7148d8-f058-11ee-b98a-fb353e7798cd,0.0122283725,-82.44631100770452,1694543409052975969,39.30460022778616,0.01543284,13
cf7148d8-f058-11ee-b98a-fb353e7798cd,0.014736142,-82.44645377447259,1694543410074095423,39.304474371957,0.01732759,11
cf7148d8-f058-11ee-b98a-fb353e7798cd,0.014816975,-82.44659481176758,1694543411053841746,39.30434246997103,0.017945232,11
cf7148d8-f058-11ee-b98a-fb353e7798cd,0.01638941,-82.4467356476826,1694543412058637078,39.30420728740444,0.02199296,11
cf7148d8-f058-11ee-b98a-fb353e7798cd,0.014821432,-82.44687735667605,1694543413061815701,39.304069213525054,0.02000253,12
cf7148d8-f058-11ee-b98a-fb353e7798cd,0.013573231,-82.44701870352581,1694543414057828205,39.30392966062921,0.017208902,15
cf7148d8-f058-11ee-b98a-fb353e7798cd,0.010490843,-82.44715934998541,1694543415048594424,39.30379090814848,0.009390561,15
cf7148d8-f058-11ee-b98a-fb353e7798cd,0.010202134,-82.44729745345536,1694543416050117741,39.30365244644326,0.00891213,15
cf7148d8-f058-11ee-b98a-fb353e7798cd,0.010149457,-82.44743186924993,1694543417059638443,39.30351358407323,0.008692801,14
cf7148d8-f058-11ee-b98a-fb353e7798cd,0.010292318,-82.44756443816703,1694543418053774374,39.303375824772246,0.008833488,14
cf7148d8-f058-11ee-b98a-fb353e7798cd,0.010220773,-82.4476943179194,1694543419051593615,39.30323988912848,0.008099882,14
cf7148d8-f058-11ee-b98a-fb353e7798cd,0.010049872,-82.44781513240484,1694543420063379030,39.30310414582292,0.008351642,15
cf7148d8-f058-11ee-b98a-fb353e7798cd,0.010667656,-82.44791642214264,1694543421051000176,39.30296585523954,0.009267768,14
cf7148d8-f058-11ee-b98a-fb353e7798cd,0.01034675,-82.44799264340016,1694543422055296845,39.30282379214478,0.008638898,13
cf7148d8-f058-11ee-b98a-fb353e7798cd,0.009995292,-82.44804947340461,1694543423061141795,39.30267815636725,0.008362079,15
cf7148d8-f058-11ee-b98a-fb353e7798cd,0.009812273,-82.44809965623043,1694543424051719225,39.302527226934274,0.008120613,15
cf7148d8-f058-11ee-b98a-fb353e7798cd,0.0105067305,-82.44814700253575,1694543425047059141,39.302370952993584,0.008020463,14
cf7148d8-f058-11ee-b98a-fb353e7798cd,0.01054336,-82.44819668688916,1694543426057565774,39.30221139507419,0.008185974,13
cf7148d8-f058-11ee-b98a-fb353e7798cd,0.009880666,-82.44825298335464,1694543427066426871,39.30204993642171,0.008294372,13
cf7148d8-f058-11ee-b98a-fb353e7798cd,0.010201689,-82.44831562314347,1694543428050657101,39.30188670164571,0.0086902175,12
cf7148d8-f058-11ee-b98a-fb353e7798cd,0.010076883,-82.44837931110726,1694543429049490086,39.301721697638065,0.009320238,13
cf7148d8-f058-11ee-b98a-fb353e7798cd,0.009871469,-82.44844070374998,1694543430062623003,39.30155403105211,0.0091976095,15
cf7148d8-f058-11ee-b98a-fb353e7798cd,0.009684292,-82.44850347409267,1694543431047868398,39.301383125345986,0.008115697,15
cf7148d8-f058-11ee-b98a-fb353e7798cd,0.009449772,-82.44857284429648,1694543432086143811,39.30121057157935,0.007921967,15
cf7148d8-f058-11ee-b98a-fb353e7798cd,0.009362801,-82.44864335223967,1694543433047141049,39.30103701703985,0.0077586286,15
cf7148d8-f058-11ee-b98a-fb353e7798cd,0.009325928,-82.44871095669657,1694543434060953542,39.30086263893535,0.0076327417,15
cf7148d8-f058-11ee-b98a-fb353e7798cd,0.011903574,-82.44877924927138,1694543435049876477,39.3006894801993,0.009568452,15
cf7148d8-f058-11ee-b98a-fb353e7798cd,0.013016073,-82.44885308478149,1694543436066378335,39.300518841860026,0.010443673,15
cf7148d8-f058-11ee-b98a-fb353e7798cd,0.012906533,-82.4489259391284,1694543437053585429,39.30034868111282,0.010333654,15
cf7148d8-f058-11ee-b98a-fb353e7798cd,0.012925192,-82.44899453461805,1694543438050273024,39.30017900768516,0.01033527,15
cf7148d8-f058-11ee-b98a-fb353e7798cd,0.0130102625,-82.44906108583025,1694543439056811230,39.30000993236369,0.010373232,15
cf7148d8-f058-11ee-b98a-fb353e7798cd,0.0133976275,-82.44912277143038,1694543440048844662,39.299839930127916,0.01054455,15
cf7148d8-f058-11ee-b98a-fb353e7798cd,0.013743565,-82.44917277675414,1694543441053606009,39.29966719802147,0.010785759,14
cf7148d8-f058-11ee-b98a-fb353e7798cd,0.014020636,-82.44920588280108,1694543442059129435,39.29949300521043,0.011285437,14
cf7148d8-f058-11ee-b98a-fb353e7798cd,0.015504401,-82.44922790317966,1694543443060804574,39.299318584882016,0.0119935,14
cf7148d8-f058-11ee-b98a-fb353e7798cd,0.016023597,-82.44924921393545,1694543444050246909,39.29914479941975,0.0123243565,12
cf7148d8-f058-11ee-b98a-fb353e7798cd,0.016205704,-82.44927852918772,1694543445051019219,39.29897304706822,0.012573805,12
cf7148d8-f058-11ee-b98a-fb353e7798cd,0.016371364,-82.44931971759598,1694543446050154406,39.29880436735725,0.012677747,13
cf7148d8-f058-11ee-b98a-fb353e7798cd,0.015306063,-82.44937274288858,1694543447066518379,39.29863944136925,0.013018355,14
cf7148d8-f058-11ee-b98a-fb353e7798cd,0.02016011,-82.44943704308393,1694543448061456078,39.298478710536315,0.014490422,10
cf7148d8-f058-11ee-b98a-fb353e7798cd,0.022740895,-82.44951069116523,1694543449055050795,39.2983225986614,0.017088188,10
cf7148d8-f058-11ee-b98a-fb353e7798cd,0.027954593,-82.44958697228299,1694543450050646439,39.298166524703696,0.040980313,9
cf7148d8-f058-11ee-b98a-fb353e7798cd,0.028351126,-82.44966882538017,1694543451055428442,39.29800600687854,0.059945628,8
cf7148d8-f058-11ee-b98a-fb353e7798cd,0.030363986,-82.44975453755134,1694543452060974196,39.29783899592659,0.07172265,8
cf7148d8-f058-11ee-b98a-fb353e7798cd,0.0324128,-82.44983848910464,1694543453055246997,39.29767150524453,0.074679725,10
cf7148d8-f058-11ee-b98a-fb353e7798cd,0.034052532,-82.44992611241275,1694543454062599486,39.29750708194706,0.076489024,9
cf7148d8-f058-11ee-b98a-fb353e7798cd,0.035491295,-82.45002718769838,1694543455060976051,39.297348124337695,0.07730784,11
cf7148d8-f058-11ee-b98a-fb353e7798cd,0.036730643,-82.45013569937335,1694543456064981385,39.297191389402435,0.07796021,11
cf7148d8-f058-11ee-b98a-fb353e7798cd,0.016409058,-82.45024215799897,1694543457058763482,39.2970341834006,0.014002252,11
cf7148d8-f058-11ee-b98a-fb353e7798cd,0.01667271,-82.45034459745827,1694543458057430287,39.29687439431237,0.014482446,10
cf7148d8-f058-11ee-b98a-fb353e7798cd,0.01995253,-82.45044469748882,1694543459058225842,39.296712251378494,0.022011375,8
cf7148d8-f058-11ee-b98a-fb353e7798cd,0.028087484,-82.45054031081312,1694543460054753112,39.29654852120926,0.031565722,9
cf7148d8-f058-11ee-b98a-fb353e7798cd,0.033593066,-82.45062346021133,1694543461064441416,39.29638088849083,0.036970224,8
cf7148d8-f058-11ee-b98a-fb353e7798cd,0.03537983,-82.4506969790888,1694543462062305627,39.29621070991302,0.03995032,8
cf7148d8-f058-11ee-b98a-fb353e7798cd,0.03679168,-82.45076512871533,1694543463065976183,39.29604014152404,0.04198858,9
cf7148d8-f058-11ee-b98a-fb353e7798cd,0.037732378,-82.45083357574757,1694543464062441995,39.295871885468294,0.04268251,12
cf7148d8-f058-11ee-b98a-fb353e7798cd,0.038374837,-82.45090850997704,1694543465057575154,39.29570944865871,0.04310265,14
cf7148d8-f058-11ee-b98a-fb353e7798cd,0.038916238,-82.45099507625349,1694543466055481708,39.29555482616579,0.043465033,14
cf7148d8-f058-11ee-b98a-fb353e7798cd,0.039444853,-82.45109635874431,1694543467058143710,39.295410729667545,0.043820594,14
cf7148d8-f058-11ee-b98a-fb353e7798cd,0.039971597,-82.45121222938495,1694543468050322044,39.295279038232195,0.044197135,14
cf7148d8-f058-11ee-b98a-fb353e7798cd,0.04079337,-82.45134198370172,1694543469061880089,39.29516157040106,0.044839956,13
cf7148d8-f058-11ee-b98a-fb353e7798cd,0.041859213,-82.45148359893062,1694543470050907970,39.29505821521894,0.045789845,13
cf7148d8-f058-11ee-b98a-fb353e7798cd,0.042777006,-82.45163655589278,1694543471056608190,39.294958939918146,0.046429865,12
cf7148d8-f058-11ee-b98a-fb353e7798cd,0.04359934,-82.45179655375678,1694543472055655044,39.294863986246334,0.046888135,15
cf7148d8-f058-11ee-b98a-fb353e7798cd,0.044254825,-82.45196101987412,1694543473075265507,39.29477500745718,0.04728431,15
cf7148d8-f058-11ee-b98a-fb353e7798cd,0.044800688,-82.45213008174271,1694543474056299980,39.294691570449984,0.047612805,15
cf7148d8-f058-11ee-b98a-fb353e7798cd,0.045306038,-82.45230173716485,1694543475047292484,39.294612756373496,0.047915693,15
cf7148d8-f058-11ee-b98a-fb353e7798cd,0.018050425,-82.45247067210244,1694543476058895508,39.29453361546423,0.0133792125,15
cf7148d8-f058-11ee-b98a-fb353e7798cd,0.016979085,-82.45263308513086,1694543477061058650,39.29444869512024,0.0126266265,15
cf7148d8-f058-11ee-b98a-fb353e7798cd,0.017241951,-82.4527821024523,1694543478060285417,39.29435176885466,0.017467583,12
cf7148d8-f058-11ee-b98a-fb353e7798cd,0.016835615,-82.452912850166,1694543479062945620,39.29424181279196,0.017128145,12
cf7148d8-f058-11ee-b98a-fb353e7798cd,0.017809946,-82.45302370637191,1694543480052105002,39.29412139757855,0.022417484,15
cf7148d8-f058-11ee-b98a-fb353e7798cd,0.01749989,-82.453115627885,1694543481058465893,39.29399112929823,0.021867506,15
cf7148d8-f058-11ee-b98a-fb353e7798cd,0.015592103,-82.45319884823458,1694543482058549285,39.29385383262527,0.012710243,15
cf7148d8-f058-11ee-b98a-fb353e7798cd,0.015303113,-82.45328135219948,1694543483049166786,39.293710065557015,0.012390948,15
cf7148d8-f058-11ee-b98a-fb353e7798cd,0.01468956,-82.45336724129876,1694543484061422894,39.29355927980956,0.010894655,14
cf7148d8-f058-11ee-b98a-fb353e7798cd,0.014623823,-82.453454241945,1694543485048472364,39.29340328053439,0.011046591,14
cf7148d8-f058-11ee-b98a-fb353e7798cd,0.014487727,-82.45354282800862,1694543486057234789,39.29324497758135,0.011862212,13
cf7148d8-f058-11ee-b98a-fb353e7798cd,0.013882799,-82.45363323544552,1694543487062693430,39.29308519776741,0.013216161,12
cf7148d8-f058-11ee-b98a-fb353e7798cd,0.013373025,-82.45372966558357,1694543488051539139,39.29292377493745,0.012172146,15
cf7148d8-f058-11ee-b98a-fb353e7798cd,0.013118526,-82.4538325559065,1694543489047956130,39.29276205493937,0.011340808,15
cf7148d8-f058-11ee-b98a-fb353e7798cd,0.013195335,-82.45394065497693,1694543490059333739,39.292600728825356,0.010836632,14
cf7148d8-f058-11ee-b98a-fb353e7798cd,0.013284643,-82.45405333183022,1694543491056350491,39.292440644702026,0.010938747,13
cf7148d8-f058-11ee-b98a-fb353e7798cd,0.016763508,-82.45416914018986,1694543492070908153,39.29228261612631,0.01985111,10
cf7148d8-f058-11ee-b98a-fb353e7798cd,0.01709595,-82.45428792423441,1694543493058647721,39.2921263928585,0.019258419,9
cf7148d8-f058-11ee-b98a-fb353e7798cd,0.01699312,-82.45440746323068,1694543494056954826,39.29197014678353,0.020238066,10
cf7148d8-f058-11ee-b98a-fb353e7798cd,0.016190639,-82.45452767844542,1694543495048896865,39.291811803159256,0.019144172,13
cf7148d8-f058-11ee-b98a-fb353e7798cd,0.01660292,-82.45464813243741,1694543496055290115,39.29165219319604,0.021482164,11
cf7148d8-f058-11ee-b98a-fb353e7798cd,0.015522886,-82.45476313908028,1694543497050098464,39.29149604769777,0.01909789,12
cf7148d8-f058-11ee-b98a-fb353e7798cd,0.015205751,-82.45487155286162,1694543498053817659,39.291343225625226,0.01965535,11
cf7148d8-f058-11ee-b98a-fb353e7798cd,0.014140468,-82.45496505206677,1694543499056766422,39.291197255297,0.016945008,13
cf7148d8-f058-11ee-b98a-fb353e7798cd,0.013118838,-82.45504412178563,1694543500049536762,39.291059412910705,0.014554837,12
cf7148d8-f058-11ee-b98a-fb353e7798cd,0.01214785,-82.45511336497633,1694543501058870378,39.29093080276227,0.012126458,13
cf7148d8-f058-11ee-b98a-fb353e7798cd,0.011756655,-82.45517570565836,1694543502086839483,39.290811106053674,0.011146662,14
cf7148d8-f058-11ee-b98a-fb353e7798cd,0.012651561,-82.45522905918999,1694543503049516761,39.29070051025274,0.0129288165,13
cf7148d8-f058-11ee-b98a-fb353e7798cd,0.012827528,-82.45527482467695,1694543504068963949,39.29059929004674,0.013943127,11
cf7148d8-f058-11ee-b98a-fb353e7798cd,0.014096223,-82.45531455732583,1694543505072538660,39.29050766042971,0.020603035,10
cf7148d8-f058-11ee-b98a-fb353e7798cd,0.015098593,-82.45534819559425,1694543506053756554,39.29042606767054,0.022222433,10
cf7148d8-f058-11ee-b98a-fb353e7798cd,0.014118977,-82.45537680996323,1694543507050740522,39.29035291069084,0.018570649,13
cf7148d8-f058-11ee-b98a-fb353e7798cd,0.013257837,-82.45540557569329,1694543508057824882,39.29028059645192,0.015792677,11
cf7148d8-f058-11ee-b98a-fb353e7798cd,0.013284795,-82.45543566426073,1694543509065013767,39.29020488266161,0.014868083,12
cf7148d8-f058-11ee-b98a-fb353e7798cd,0.015641587,-82.45546496452316,1694543510078759775,39.29012848157476,0.01941058,11
cf7148d8-f058-11ee-b98a-fb353e7798cd,0.015354058,-82.45549417429119,1694543511049910248,39.2900517917564,0.017687691,10
cf7148d8-f058-11ee-b98a-fb353e7798cd,0.016353179,-82.45552308157046,1694543512059002321,39.289974758300545,0.02116159,10
cf7148d8-f058-11ee-b98a-fb353e7798cd,0.015581027,-82.45555146582927,1694543513049455013,39.28989734819917,0.017300714,12
cf7148d8-f058-11ee-b98a-fb353e7798cd,0.014224603,-82.45557981318211,1694543514053781537,39.28981983923622,0.012659769,12
cf7148d8-f058-11ee-b98a-fb353e7798cd,0.013947257,-82.45560865306953,1694543515048263826,39.289741980440326,0.01206702,10
cf7148d8-f058-11ee-b98a-fb353e7798cd,0.014358408,-82.4556374062198,1694543516049720585,39.28966398268354,0.013864263,10
cf7148d8-f058-11ee-b98a-fb353e7798cd,0.013066692,-82.45566569113062,1694543517053496487,39.28958601463693,0.015574995,11
cf7148d8-f058-11ee-b98a-fb353e7798cd,0.014930446,-82.455693452878,1694543518067223680,39.28950802824293,0.016600749,9
cf7148d8-f058-11ee-b98a-fb353e7798cd,0.014131183,-82.4557210673904,1694543519056570886,39.289429821543074,0.012715017,11
cf7148d8-f058-11ee-b98a-fb353e7798cd,0.013877508,-82.45574875136077,1694543520066060640,39.289351269621534,0.0123386225,11
cf7148d8-f058-11ee-b98a-fb353e7798cd,0.013579125,-82.4557763911305,1694543521062853304,39.28927226284537,0.011539905,12
cf7148d8-f058-11ee-b98a-fb353e7798cd,0.01197914,-82.45580367753686,1694543522067285239,39.289192811271434,0.009817109,11
cf7148d8-f058-11ee-b98a-fb353e7798cd,0.018312767,-82.45582963444183,1694543523055077725,39.289112835040164,0.030322684,7
cf7148d8-f058-11ee-b98a-fb353e7798cd,0.028776793,-82.45585517622854,1694543524061822531,39.289032566139944,0.05492563,7
cf7148d8-f058-11ee-b98a-fb353e7798cd,0.028667899,-82.45588121365792,1694543525061556145,39.28895271112245,0.049432676,7
cf7148d8-f058-11ee-b98a-fb353e7798cd,0.034947563,-82.45590722073644,1694543526057633931,39.28887294446266,0.06214569,7
cf7148d8-f058-11ee-b98a-fb353e7798cd,0.036142122,-82.45593396904822,1694543527057608101,39.28879407784413,0.06451139,7
cf7148d8-f058-11ee-b98a-fb353e7798cd,0.03592801,-82.45596409798326,1694543528053565618,39.28871709949595,0.06413388,7
cf7148d8-f058-11ee-b98a-fb353e7798cd,0.017330762,-82.45600297123576,1694543529069601931,39.28864402680394,0.031134602,7
cf7148d8-f058-11ee-b98a-fb353e7798cd,0.0187867,-82.45605655840721,1694543530058032139,39.28857815294846,0.02916338,9
cf7148d8-f058-11ee-b98a-fb353e7798cd,0.019782456,-82.45612660642077,1694543531071308605,39.28852272185236,0.029444369,7
cf7148d8-f058-11ee-b98a-fb353e7798cd,0.02133167,-82.45620942376172,1694543532056405695,39.288479949766646,0.029130848,9
cf7148d8-f058-11ee-b98a-fb353e7798cd,0.036756814,-82.4563008038246,1694543533060949907,39.28845231237552,0.027556058,7
cf7148d8-f058-11ee-b98a-fb353e7798cd,0.04770026,-82.45639765438486,1694543534060457348,39.288440423565795,0.07527443,10
cf7148d8-f058-11ee-b98a-fb353e7798cd,0.018204993,-82.45649935276167,1694543535057828557,39.288441086606305,0.014248915,11
cf7148d8-f058-11ee-b98a-fb353e7798cd,0.01942325,-82.45660128593207,1694543536053894516,39.28844616094098,0.014642273,10
cf7148d8-f058-11ee-b98a-fb353e7798cd,0.0210602,-82.45670441400938,1694543537057971897,39.2884520511781,0.015420324,9
cf7148d8-f058-11ee-b98a-fb353e7798cd,0.018205399,-82.45681070765507,1694543538050204757,39.28845888259903,0.014341055,11
cf7148d8-f058-11ee-b98a-fb353e7798cd,0.019650372,-82.45691899956371,1694543539061553447,39.28846572875991,0.015907792,10
cf7148d8-f058-11ee-b98a-fb353e7798cd,0.023932945,-82.45702669291862,1694543540056402666,39.28847081439626,0.016601464,11
cf7148d8-f058-11ee-b98a-fb353e7798cd,0.01919356,-82.45713421628737,1694543541071236829,39.28847526041968,0.014124608,10
cf7148d8-f058-11ee-b98a-fb353e7798cd,0.019560453,-82.45724175980537,1694543542066753813,39.28848034266785,0.014361754,10
cf7148d8-f058-11ee-b98a-fb353e7798cd,0.018445883,-82.45734972763054,1694543543055666345,39.28848589021639,0.014658477,8
cf7148d8-f058-11ee-b98a-fb353e7798cd,0.040598784,-82.45746137679438,1694543544051200016,39.28849222265117,0.02403575,7
cf7148d8-f058-11ee-b98a-fb353e7798cd,0.037111852,-82.45757850781877,1694543545050535501,39.28849973352722,0.02355702,8
cf7148d8-f058-11ee-b98a-fb353e7798cd,0.040309243,-82.45770238934531,1694543546056084690,39.288507777648825,0.020599999,11
cf7148d8-f058-11ee-b98a-fb353e7798cd,0.03716752,-82.4578348779028,1694543547047247435,39.28851590437479,0.019096235,11
cf7148d8-f058-11ee-b98a-fb353e7798cd,0.034614176,-82.45798125117928,1694543548053882398,39.288524534393716,0.018338455,11
cf7148d8-f058-11ee-b98a-fb353e7798cd,0.033457283,-82.45814926332713,1694543549057446607,39.28853423262361,0.017336475,10
cf7148d8-f058-11ee-b98a-fb353e7798cd,0.043593384,-82.45834080764821,1694543550057849230,39.288545738475584,0.020680571,7
cf7148d8-f058-11ee-b98a-fb353e7798cd,0.21511893,-82.45854452966154,1694543551052335084,39.288557218352175,0.043975208,5
cf7148d8-f058-11ee-b98a-fb353e7798cd,0.29937834,-82.45857587840463,1694543552059321253,39.288558765032626,0.05177468,0
cf7148d8-f058-11ee-b98a-fb353e7798cd,1.3504872,-82.45897432592565,1694543553057025098,39.28859369101561,0.7643618,8
cf7148d8-f058-11ee-b98a-fb353e7798cd,1.262968,-82.45919553699268,1694543554049815271,39.28860560992621,0.7327636,9
cf7148d8-f058-11ee-b98a-fb353e7798cd,1.5354669,-82.45942284212549,1694543555055129956,39.288618799938284,0.884609,12
cf7148d8-f058-11ee-b98a-fb353e7798cd,1.3831202,-82.45965153137671,1694543556054452967,39.288622858472955,0.749964,13
cf7148d8-f058-11ee-b98a-fb353e7798cd,1.3349348,-82.45988148173919,1694543557066865216,39.28863105548671,0.8084918,12
cf7148d8-f058-11ee-b98a-fb353e7798cd,1.3216574,-82.46011757170365,1694543558049360982,39.288644474416365,0.83621705,12
cf7148d8-f058-11ee-b98a-fb353e7798cd,0.02108697,-82.46034847736775,1694543559060612679,39.288651908857304,0.013204683,10
cf7148d8-f058-11ee-b98a-fb353e7798cd,0.017458756,-82.46058689470513,1694543560057874917,39.28866251771173,0.01203492,14
cf7148d8-f058-11ee-b98a-fb353e7798cd,0.016407575,-82.46082508903717,1694543561050651824,39.288672383872644,0.011264872,15
cf7148d8-f058-11ee-b98a-fb353e7798cd,0.016105272,-82.46106094376822,1694543562056691176,39.28868248443541,0.010947063,15
cf7148d8-f058-11ee-b98a-fb353e7798cd,0.012121864,-82.4612948422015,1694543563049665528,39.28869499498449,0.009658173,14
cf7148d8-f058-11ee-b98a-fb353e7798cd,0.015481978,-82.46152795582698,1694543564049601076,39.288709844352084,0.011787219,8
cf7148d8-f058-11ee-b98a-fb353e7798cd,0.017557407,-82.46176044708616,1694543565057584048,39.288725291435014,0.012188563,12
cf7148d8-f058-11ee-b98a-fb353e7798cd,0.016389757,-82.46199215875181,1694543566053933749,39.28873936658506,0.011181573,15
cf7148d8-f058-11ee-b98a-fb353e7798cd,0.015690072,-82.46222361969907,1694543567059022049,39.28875138447826,0.010373979,15
cf7148d8-f058-11ee-b98a-fb353e7798cd,0.01608118,-82.46245485589324,1694543568062383123,39.2887629854562,0.010757511,13
cf7148d8-f058-11ee-b98a-fb353e7798cd,0.012334348,-82.46268551943773,1694543569052866422,39.28877476684465,0.009401474,12
cf7148d8-f058-11ee-b98a-fb353e7798cd,0.016091747,-82.46291501621926,1694543570053549362,39.28878661252684,0.009600352,12
cf7148d8-f058-11ee-b98a-fb353e7798cd,0.015246158,-82.46314326739908,1694543571049512263,39.28880048071003,0.009724663,14
cf7148d8-f058-11ee-b98a-fb353e7798cd,0.013692526,-82.46337088778309,1694543572060682033,39.28881340217448,0.009147971,16
cf7148d8-f058-11ee-b98a-fb353e7798cd,0.013102282,-82.46359880863635,1694543573061890029,39.28882536877541,0.008799045,15
cf7148d8-f058-11ee-b98a-fb353e7798cd,0.012533149,-82.46382760603585,1694543574046890472,39.28883856494535,0.008582706,15
cf7148d8-f058-11ee-b98a-fb353e7798cd,0.011564396,-82.4640594992228,1694543575053986929,39.28885092081699,0.008319834,15
cf7148d8-f058-11ee-b98a-fb353e7798cd,0.011734366,-82.4642935868254,1694543576053106769,39.28886233633652,0.00834561,15
cf7148d8-f058-11ee-b98a-fb353e7798cd,0.010140724,-82.46452757673937,1694543577057867006,39.28887461579953,0.007939984,15
cf7148d8-f058-11ee-b98a-fb353e7798cd,0.010369927,-82.46476047396924,1694543578049061873,39.28888808250359,0.008241541,15
cf7148d8-f058-11ee-b98a-fb353e7798cd,0.010389165,-82.46499275150069,1694543579047196611,39.288901085103305,0.008216598,14
cf7148d8-f058-11ee-b98a-fb353e7798cd,0.011099976,-82.46522562998146,1694543580077919590,39.288913764831754,0.008600671,12
cf7148d8-f058-11ee-b98a-fb353e7798cd,0.012633076,-82.46545839778156,1694543581049693517,39.28892653591922,0.009559006,11
cf7148d8-f058-11ee-b98a-fb353e7798cd,0.0139780445,-82.46568931960401,1694543582080868321,39.28893934573417,0.009616618,11
cf7148d8-f058-11ee-b98a-fb353e7798cd,0.013489754,-82.46591459155216,1694543583053334407,39.28895084193501,0.009492097,13
cf7148d8-f058-11ee-b98a-fb353e7798cd,0.013256332,-82.46612913375633,1694543584058089055,39.288959773915415,0.009545808,14
cf7148d8-f058-11ee-b98a-fb353e7798cd,0.0132095525,-82.46632868053328,1694543585057035754,39.28896627102261,0.009355995,14
cf7148d8-f058-11ee-b98a-fb353e7798cd,0.01087669,-82.46651140396968,1694543586050021131,39.28897149153661,0.008726268,15
cf7148d8-f058-11ee-b98a-fb353e7798cd,0.011593158,-82.46666988018595,1694543587071517335,39.28897478822892,0.008624195,15
cf7148d8-f058-11ee-b98a-fb353e7798cd,0.011684583,-82.4668063021805,1694543588048508445,39.28897680652329,0.008665045,15
cf7148d8-f058-11ee-b98a-fb353e7798cd,0.011199617,-82.46692264105988,1694543589050334357,39.28897949273793,0.008218923,15
cf7148d8-f058-11ee-b98a-fb353e7798cd,0.0110670505,-82.4670200483419,1694543590055923405,39.28898251795155,0.008205343,15
cf7148d8-f058-11ee-b98a-fb353e7798cd,0.010792218,-82.46710089614828,1694543591055233515,39.28898553406422,0.007993088,15
cf7148d8-f058-11ee-b98a-fb353e7798cd,0.009860714,-82.4671678523166,1694543592057737551,39.288987572659785,0.007798326,15
cf7148d8-f058-11ee-b98a-fb353e7798cd,0.011034945,-82.46722217630692,1694543593051529980,39.28898898734776,0.00828413,15
cf7148d8-f058-11ee-b98a-fb353e7798cd,0.010811815,-82.46726515036453,1694543594055017412,39.28899000670481,0.008146232,15
cf7148d8-f058-11ee-b98a-fb353e7798cd,0.010773845,-82.46729917197104,1694543595049316471,39.288990765934024,0.008061839,15
cf7148d8-f058-11ee-b98a-fb353e7798cd,0.010812056,-82.46732564514582,1694543596050017495,39.288991673468146,0.008158687,15
cf7148d8-f058-11ee-b98a-fb353e7798cd,0.010097129,-82.46734529516125,1694543597048973980,39.2889925405986,0.0079948595,15
cf7148d8-f058-11ee-b98a-fb353e7798cd,0.009983639,-82.46735907289674,1694543598055154769,39.28899351201294,0.007845968,15
cf7148d8-f058-11ee-b98a-fb353e7798cd,0.009973017,-82.46736908238344,1694543599053952327,39.28899456596545,0.007714187,15
cf7148d8-f058-11ee-b98a-fb353e7798cd,0.010051302,-82.46737760674782,1694543600049337299,39.288995566621224,0.00770383,14
cf7148d8-f058-11ee-b98a-fb353e7798cd,0.010084312,-82.46738521297996,1694543601048724154,39.288996619966895,0.0077659334,15
cf7148d8-f058-11ee-b98a-fb353e7798cd,0.010043342,-82.46739184648484,1694543602054903611,39.288997561516176,0.0077053583,15
cf7148d8-f058-11ee-b98a-fb353e7798cd,0.01005311,-82.46739751879241,1694543603050671043,39.28899842158769,0.007717473,14
cf7148d8-f058-11ee-b98a-fb353e7798cd,0.009996721,-82.4674019816626,1694543604054757775,39.28899919506689,0.0076684514,14
cf7148d8-f058-11ee-b98a-fb353e7798cd,0.009986573,-82.46740561508703,1694543605058055381,39.28899973498825,0.0076420614,14
cf7148d8-f058-11ee-b98a-fb353e7798cd,0.009948021,-82.46740638994851,1694543606056404769,39.288999892100776,0.007607073,14
cf7148d8-f058-11ee-b98a-fb353e7798cd,0.009902467,-82.46740641244712,1694543607049068265,39.28899991695276,0.007592666,15
cf7148d8-f058-11ee-b98a-fb353e7798cd,0.009918409,-82.46740644175286,1694543608051296778,39.28899989069814,0.0076151383,15
cf7148d8-f058-11ee-b98a-fb353e7798cd,0.009922541,-82.46740647803784,1694543609053179809,39.28899993105444,0.0076258453,15
cf7148d8-f058-11ee-b98a-fb353e7798cd,0.009932634,-82.46740647859289,1694543610066452515,39.28899987841276,0.007612591,15
cf7148d8-f058-11ee-b98a-fb353e7798cd,0.0097784735,-82.46740647296222,1694543611050779075,39.288999881795014,0.007575936,15
cf7148d8-f058-11ee-b98a-fb353e7798cd,0.009707495,-82.46740647793786,1694543612059236933,39.28899991502723,0.007568397,15
cf7148d8-f058-11ee-b98a-fb353e7798cd,0.009747662,-82.46740650331442,1694543613046036356,39.28899989539815,0.007563161,15
cf7148d8-f058-11ee-b98a-fb353e7798cd,0.009749229,-82.46740648182053,1694543614046879041,39.28899991005564,0.00756249,15
cf7148d8-f058-11ee-b98a-fb353e7798cd,0.009762776,-82.46740655816961,1694543615049424990,39.28899992441955,0.0075542904,15
cf7148d8-f058-11ee-b98a-fb353e7798cd,0.0097517045,-82.46740714284377,1694543616054164735,39.28900003185627,0.0075532156,15
cf7148d8-f058-11ee-b98a-fb353e7798cd,0.009748481,-82.46740766054897,1694543617053799315,39.28900024737333,0.00754185,15
cf7148d8-f058-11ee-b98a-fb353e7798cd,0.009902862,-82.46741867395545,1694543618054771182,39.28900316744154,0.0076631815,15
cf7148d8-f058-11ee-b98a-fb353e7798cd,0.010539597,-82.46744967060071,1694543619050891729,39.28901419853868,0.008228057,14
cf7148d8-f058-11ee-b98a-fb353e7798cd,0.010937531,-82.46747380991417,1694543620063072422,39.289029184122924,0.008400945,13
cf7148d8-f058-11ee-b98a-fb353e7798cd,0.011141966,-82.46749836109257,1694543621054744614,39.28905345987502,0.008563384,13
cf7148d8-f058-11ee-b98a-fb353e7798cd,0.011134738,-82.46752134660915,1694543622064296959,39.28909334886973,0.0087378435,14
cf7148d8-f058-11ee-b98a-fb353e7798cd,0.01086085,-82.46753240325434,1694543623058588545,39.289148403743965,0.008725915,13
cf7148d8-f058-11ee-b98a-fb353e7798cd,0.011265308,-82.46752875233331,1694543624059910311,39.289226676208166,0.008931906,13
cf7148d8-f058-11ee-b98a-fb353e7798cd,0.010108048,-82.46751677107555,1694543625051609269,39.28932229133839,0.009674274,13
cf7148d8-f058-11ee-b98a-fb353e7798cd,0.01011365,-82.4675057399999,1694543626050535837,39.289434005785125,0.009578133,14
cf7148d8-f058-11ee-b98a-fb353e7798cd,0.010000055,-82.46749681461255,1694543627058171797,39.289558648526246,0.009428824,14
cf7148d8-f058-11ee-b98a-fb353e7798cd,0.009775998,-82.46748787968083,1694543628054994119,39.28969529581977,0.009003964,14
cf7148d8-f058-11ee-b98a-fb353e7798cd,0.009719735,-82.46747611558044,1694543629057540902,39.28984816885143,0.008624831,14
cf7148d8-f058-11ee-b98a-fb353e7798cd,0.009742262,-82.46746333894032,1694543630048770184,39.29001616214507,0.0082888575,15
cf7148d8-f058-11ee-b98a-fb353e7798cd,0.009938389,-82.46744978044627,1694543631051103414,39.29019573359068,0.008403058,14
cf7148d8-f058-11ee-b98a-fb353e7798cd,0.0098626325,-82.4674352455907,1694543632066209526,39.29038481974942,0.008522423,14
cf7148d8-f058-11ee-b98a-fb353e7798cd,0.009766628,-82.46741909573406,1694543633100721674,39.29058341998031,0.008511786,14
cf7148d8-f058-11ee-b98a-fb353e7798cd,0.009696923,-82.46740354713079,1694543634048996852,39.29078967071125,0.0083161155,14
cf7148d8-f058-11ee-b98a-fb353e7798cd,0.0100945495,-82.46738703009527,1694543635052460832,39.29100137234212,0.008442059,13
cf7148d8-f058-11ee-b98a-fb353e7798cd,0.010037182,-82.46736928226495,1694543636053725054,39.2912172070966,0.008406406,13
cf7148d8-f058-11ee-b98a-fb353e7798cd,0.0103367865,-82.46733411436846,1694543638048367004,39.291656643746265,0.0084082205,13
cf7148d8-f058-11ee-b98a-fb353e7798cd,0.012011041,-82.46731655654088,1694543639050787581,39.29187835295862,0.009892501,13
cf7148d8-f058-11ee-b98a-fb353e7798cd,0.014525454,-82.4672996679878,1694543640062654883,39.29210061423404,0.011776989,11
cf7148d8-f058-11ee-b98a-fb353e7798cd,0.017703302,-82.4672848290969,1694543641061691617,39.29232336931348,0.017999187,8
cf7148d8-f058-11ee-b98a-fb353e7798cd,0.018964846,-82.46726853063065,1694543642056343171,39.29254633322233,0.022401052,8
cf7148d8-f058-11ee-b98a-fb353e7798cd,0.0198409,-82.4672495430135,1694543643065737127,39.29276961365849,0.024416327,7
cf7148d8-f058-11ee-b98a-fb353e7798cd,0.026474921,-82.46723198014016,1694543644051394204,39.292992969836355,0.034943074,6
cf7148d8-f058-11ee-b98a-fb353e7798cd,0.119347855,-82.46721604749068,1694543645057981248,39.293215010144216,0.13606304,6
cf7148d8-f058-11ee-b98a-fb353e7798cd,0.18552326,-82.46719771773438,1694543646060506798,39.29343840533488,0.22193915,6
cf7148d8-f058-11ee-b98a-fb353e7798cd,0.12826504,-82.46717842567097,1694543647064185873,39.29366089807026,0.1511539,5
cf7148d8-f058-11ee-b98a-fb353e7798cd,0.08787519,-82.46716017160749,1694543648051316057,39.29388334188623,0.10665058,5
cf7148d8-f058-11ee-b98a-fb353e7798cd,0.050272245,-82.46714379035674,1694543649066039432,39.29410564718015,0.06256062,6
cf7148d8-f058-11ee-b98a-fb353e7798cd,0.0853746,-82.46712750495315,1694543650050523826,39.29432762105751,0.10398225,6
cf7148d8-f058-11ee-b98a-fb353e7798cd,0.14193071,-82.46710900912672,1694543651065563424,39.29455002714709,0.17124052,6
cf7148d8-f058-11ee-b98a-fb353e7798cd,0.08566508,-82.4670916738534,1694543652068035321,39.29477205336654,0.103986576,5
cf7148d8-f058-11ee-b98a-fb353e7798cd,0.15625499,-82.46707425975787,1694543653060110379,39.29499454897577,0.12996668,5
cf7148d8-f058-11ee-b98a-fb353e7798cd,0.114640005,-82.46705661418518,1694543654073605059,39.29521651747645,0.13391869,5
cf7148d8-f058-11ee-b98a-fb353e7798cd,0.059842046,-82.46704030760641,1694543655064532099,39.295438919973556,0.07468051,6
cf7148d8-f058-11ee-b98a-fb353e7798cd,0.049092587,-82.46702379553867,1694543656050644471,39.29566107974614,0.06299548,5
cf7148d8-f058-11ee-b98a-fb353e7798cd,0.04697939,-82.46700567189042,1694543657054809269,39.29588319238234,0.06126625,5
cf7148d8-f058-11ee-b98a-fb353e7798cd,0.046526372,-82.46698892271432,1694543658050426176,39.296105532410074,0.06516035,5
cf7148d8-f058-11ee-b98a-fb353e7798cd,0.046361532,-82.4669734623252,1694543659057644543,39.29632787421149,0.06384732,4
cf7148d8-f058-11ee-b98a-fb353e7798cd,0.056488186,-82.46695708119384,1694543660059526681,39.29655021408982,0.08607811,4
cf7148d8-f058-11ee-b98a-fb353e7798cd,0.06907266,-82.46693847623301,1694543661053113084,39.29677275624958,0.11201092,4
cf7148d8-f058-11ee-b98a-fb353e7798cd,0.0955704,-82.4669208618297,1694543662055379285,39.29699543469925,0.34449208,4
cf7148d8-f058-11ee-b98a-fb353e7798cd,0.10830307,-82.46690360141355,1694543663053501048,39.297218020666286,0.39813483,4
cf7148d8-f058-11ee-b98a-fb353e7798cd,0.113363795,-82.46688600562301,1694543664054085105,39.29744077031763,0.4073757,7
cf7148d8-f058-11ee-b98a-fb353e7798cd,0.113822185,-82.46686877225443,1694543665050889120,39.29766325016927,0.40768185,8
cf7148d8-f058-11ee-b98a-fb353e7798cd,0.11425403,-82.46685143365164,1694543666061636259,39.2978856006284,0.40792203,9
cf7148d8-f058-11ee-b98a-fb353e7798cd,0.114595614,-82.46683329171088,1694543667064006606,39.29810788585338,0.40811798,10
cf7148d8-f058-11ee-b98a-fb353e7798cd,0.11486839,-82.46681599697935,1694543668054446723,39.298330089207624,0.40827334,11
cf7148d8-f058-11ee-b98a-fb353e7798cd,0.1151155,-82.46680010113401,1694543669062360896,39.29855215203092,0.40838358,12
cf7148d8-f058-11ee-b98a-fb353e7798cd,0.1153492,-82.46678281034929,1694543670059262269,39.29877395580037,0.40844914,13
cf7148d8-f058-11ee-b98a-fb353e7798cd,0.11560423,-82.46676577882262,1694543671059223155,39.29899573348742,0.40851304,13
cf7148d8-f058-11ee-b98a-fb353e7798cd,0.115974255,-82.4667484466346,1694543672060794872,39.299217677554154,0.40858927,12
cf7148d8-f058-11ee-b98a-fb353e7798cd,0.11651393,-82.46673234367493,1694543673066134057,39.29943944407094,0.40884602,9
cf7148d8-f058-11ee-b98a-fb353e7798cd,0.117061354,-82.46671646404158,1694543674067650335,39.29966120829616,0.40911746,8
cf7148d8-f058-11ee-b98a-fb353e7798cd,0.11768165,-82.46669990511752,1694543675049993422,39.299882765569684,0.40940368,8
cf7148d8-f058-11ee-b98a-fb353e7798cd,0.11828275,-82.4666824170154,1694543676050484580,39.30010417058079,0.40969184,8
cf7148d8-f058-11ee-b98a-fb353e7798cd,0.11878522,-82.46666615669497,1694543677052547034,39.300325535165,0.40990636,10
cf7148d8-f058-11ee-b98a-fb353e7798cd,0.11920371,-82.46664868782395,1694543678061223323,39.300546810878224,0.41004512,10
cf7148d8-f058-11ee-b98a-fb353e7798cd,0.11962045,-82.46662812449259,1694543679065797451,39.30076811506899,0.41016364,10
cf7148d8-f058-11ee-b98a-fb353e7798cd,0.120026596,-82.46660954316405,1694543680074252997,39.30098973786444,0.410278,9
cf7148d8-f058-11ee-b98a-fb353e7798cd,0.1204262,-82.46659396367458,1694543681062681923,39.301211496096464,0.41038975,9
cf7148d8-f058-11ee-b98a-fb353e7798cd,0.120809674,-82.46657662500765,1694543682060479292,39.3014329679887,0.41057158,9
cf7148d8-f058-11ee-b98a-fb353e7798cd,0.1212034,-82.46655802148113,1694543683054477776,39.30165437666467,0.41070807,11
cf7148d8-f058-11ee-b98a-fb353e7798cd,0.12165826,-82.46654071025638,1694543684054019676,39.30187571470159,0.41089973,7
cf7148d8-f058-11ee-b98a-fb353e7798cd,0.12218666,-82.46652393053581,1694543685057800445,39.30209713921845,0.4111884,7
cf7148d8-f058-11ee-b98a-fb353e7798cd,0.12255406,-82.46650691519265,1694543686055044131,39.30231846551423,0.4113341,10
cf7148d8-f058-11ee-b98a-fb353e7798cd,0.12286226,-82.4664903208574,1694543687057814821,39.302539677991845,0.41144294,9
cf7148d8-f058-11ee-b98a-fb353e7798cd,0.123168625,-82.46647249032652,1694543688053987466,39.30276042640513,0.41153455,10
cf7148d8-f058-11ee-b98a-fb353e7798cd,0.12364119,-82.46645049073075,1694543689048195362,39.30298098478985,0.4116798,9
cf7148d8-f058-11ee-b98a-fb353e7798cd,0.124002144,-82.46642528468044,1694543690049683972,39.303201169407366,0.4118072,10
cf7148d8-f058-11ee-b98a-fb353e7798cd,0.124479,-82.46640061971321,1694543691059254593,39.30342126985406,0.41197634,9
cf7148d8-f058-11ee-b98a-fb353e7798cd,0.12495988,-82.46637373123248,1694543692061399136,39.30364109155944,0.41225207,9
cf7148d8-f058-11ee-b98a-fb353e7798cd,0.12535682,-82.46634271937626,1694543693047946643,39.303860654581044,0.4124722,11
cf7148d8-f058-11ee-b98a-fb353e7798cd,0.12572709,-82.46631135811197,1694543694049097872,39.30407988068838,0.41260684,11
cf7148d8-f058-11ee-b98a-fb353e7798cd,0.12604468,-82.46627877905777,1694543695054362264,39.30429900652903,0.41276824,11
cf7148d8-f058-11ee-b98a-fb353e7798cd,0.12636892,-82.46624380016587,1694543696053251645,39.30451784910569,0.41288978,12
cf7148d8-f058-11ee-b98a-fb353e7798cd,0.1266688,-82.46620896531043,1694543697056247483,39.304736561202915,0.41299433,13
cf7148d8-f058-11ee-b98a-fb353e7798cd,0.1269903,-82.46617415340624,1694543698049460075,39.30495518074889,0.41308844,13
cf7148d8-f058-11ee-b98a-fb353e7798cd,0.12728408,-82.46613917297219,1694543699058257919,39.30517374050225,0.4131641,13
cf7148d8-f058-11ee-b98a-fb353e7798cd,0.12756418,-82.46610243129366,1694543700050291415,39.30539215511301,0.41323316,13
cf7148d8-f058-11ee-b98a-fb353e7798cd,0.12782703,-82.46606362845432,1694543701057154070,39.305610346298735,0.41329303,13
cf7148d8-f058-11ee-b98a-fb353e7798cd,0.1280765,-82.46602444722492,1694543702074578379,39.30582866508346,0.41333753,14
cf7148d8-f058-11ee-b98a-fb353e7798cd,0.12834254,-82.46598731966479,1694543703058074961,39.30604690926267,0.41337892,13
cf7148d8-f058-11ee-b98a-fb353e7798cd,0.12863669,-82.46595114707941,1694543704053919943,39.30626517947422,0.4134214,14
cf7148d8-f058-11ee-b98a-fb353e7798cd,0.1289601,-82.4659143590173,1694543705053607651,39.306483779858,0.4135065,12
cf7148d8-f058-11ee-b98a-fb353e7798cd,0.12928757,-82.46587783920032,1694543706058482138,39.306702637177835,0.4135971,11
cf7148d8-f058-11ee-b98a-fb353e7798cd,0.1296078,-82.46584060060792,1694543707050977227,39.30692166125451,0.41365847,13
cf7148d8-f058-11ee-b98a-fb353e7798cd,0.12993792,-82.46580197901805,1694543708060614202,39.30714056395902,0.41372433,13
cf7148d8-f058-11ee-b98a-fb353e7798cd,0.13022792,-82.46576325213955,1694543709073000445,39.30735969931081,0.41378772,13
cf7148d8-f058-11ee-b98a-fb353e7798cd,0.130625,-82.46572509393472,1694543710058737280,39.307579249819824,0.41385463,12
cf7148d8-f058-11ee-b98a-fb353e7798cd,0.13098878,-82.46568786625224,1694543711063369252,39.307798919625064,0.41399646,12
cf7148d8-f058-11ee-b98a-fb353e7798cd,0.13130236,-82.46565033371797,1694543712063836136,39.30801851362483,0.4140799,14
cf7148d8-f058-11ee-b98a-fb353e7798cd,0.13158877,-82.46561198767995,1694543713050741529,39.308238001935415,0.41414618,15
cf7148d8-f058-11ee-b98a-fb353e7798cd,0.13192438,-82.46557291022997,1694543714065230653,39.30845732764808,0.4142176,15
cf7148d8-f058-11ee-b98a-fb353e7798cd,0.13222167,-82.46553421616757,1694543715055045366,39.30867687535176,0.41431406,14
cf7148d8-f058-11ee-b98a-fb353e7798cd,0.13253975,-82.4654968947366,1694543716057867418,39.30889668221833,0.41440675,13
cf7148d8-f058-11ee-b98a-fb353e7798cd,0.1328432,-82.46546021854269,1694543717056235268,39.309116624425805,0.41448155,13
cf7148d8-f058-11ee-b98a-fb353e7798cd,0.13315172,-82.46542329902732,1694543718057439881,39.30933659853252,0.41453177,15
cf7148d8-f058-11ee-b98a-fb353e7798cd,0.13354182,-82.46538702716452,1694543719057187965,39.30955664849913,0.4146693,12
cf7148d8-f058-11ee-b98a-fb353e7798cd,0.13392486,-82.46535016433135,1694543720054711656,39.309776789609664,0.41490072,11
cf7148d8-f058-11ee-b98a-fb353e7798cd,0.1343039,-82.465311060752,1694543721056062769,39.3099968994195,0.41503984,12
cf7148d8-f058-11ee-b98a-fb353e7798cd,0.13501886,-82.46527281501328,1694543722064348329,39.31021705612813,0.41543257,8
cf7148d8-f058-11ee-b98a-fb353e7798cd,0.13551597,-82.46523572758272,1694543723059396945,39.31043729237968,0.4157406,9
cf7148d8-f058-11ee-b98a-fb353e7798cd,0.13596795,-82.46519866794105,1694543724061142794,39.31065768281924,0.41593254,11
cf7148d8-f058-11ee-b98a-fb353e7798cd,0.13641892,-82.4651616763832,1694543725050152851,39.31087823226697,0.41608763,12
cf7148d8-f058-11ee-b98a-fb353e7798cd,0.13684325,-82.46512564990904,1694543726051562569,39.31109865900971,0.41632366,11
cf7148d8-f058-11ee-b98a-fb353e7798cd,0.13724583,-82.46508829418806,1694543727057819654,39.31131901051354,0.41655064,11
cf7148d8-f058-11ee-b98a-fb353e7798cd,0.13762096,-82.46504982436174,1694543728057862875,39.31153940510493,0.41672233,12
cf7148d8-f058-11ee-b98a-fb353e7798cd,0.13797598,-82.46501235041366,1694543729047625097,39.311759897613626,0.41689634,12
cf7148d8-f058-11ee-b98a-fb353e7798cd,0.13831474,-82.46497558906492,1694543730056280018,39.31198029129406,0.41704482,13
cf7148d8-f058-11ee-b98a-fb353e7798cd,0.13860962,-82.46493800665834,1694543731069377461,39.312200553470504,0.4171461,14
cf7148d8-f058-11ee-b98a-fb353e7798cd,0.13887341,-82.46490086574721,1694543732072906694,39.31242095558788,0.41722256,14
cf7148d8-f058-11ee-b98a-fb353e7798cd,0.13925798,-82.46486484765224,1694543733055478819,39.312641247745916,0.41729575,13
cf7148d8-f058-11ee-b98a-fb353e7798cd,0.13973969,-82.46482824257357,1694543734058423095,39.312861274482316,0.41747743,11
cf7148d8-f058-11ee-b98a-fb353e7798cd,0.14018428,-82.46478950425912,1694543735054329565,39.313081078949885,0.41764513,12
cf7148d8-f058-11ee-b98a-fb353e7798cd,0.14056753,-82.4647494350484,1694543736069007497,39.31330061954801,0.41775346,12
cf7148d8-f058-11ee-b98a-fb353e7798cd,0.14090313,-82.46470943780447,1694543737056435678,39.31352004709854,0.4178389,12
cf7148d8-f058-11ee-b98a-fb353e7798cd,0.14121982,-82.4646660300618,1694543738063015704,39.313739086704814,0.41791236,12
cf7148d8-f058-11ee-b98a-fb353e7798cd,0.14154191,-82.46461937397764,1694543739062625554,39.31395752967996,0.41798922,12
cf7148d8-f058-11ee-b98a-fb353e7798cd,0.14184828,-82.46457286752815,1694543740058395904,39.31417601753149,0.41806132,13
cf7148d8-f058-11ee-b98a-fb353e7798cd,0.012594175,-82.46452415267188,1694543741078503505,39.31439440563289,0.009304571,14
cf7148d8-f058-11ee-b98a-fb353e7798cd,0.01248686,-82.46447120013546,1694543742059793130,39.31461161611238,0.00904705,13
cf7148d8-f058-11ee-b98a-fb353e7798cd,0.0123559125,-82.46441838451591,1694543743068291745,39.31482875554781,0.009057888,13
cf7148d8-f058-11ee-b98a-fb353e7798cd,0.012374422,-82.46436519497233,1694543744061629106,39.31504593776531,0.009616362,12
cf7148d8-f058-11ee-b98a-fb353e7798cd,0.012566891,-82.46430821686022,1694543745053692808,39.3152625910469,0.009815667,11
cf7148d8-f058-11ee-b98a-fb353e7798cd,0.012560628,-82.46424816180323,1694543746051060338,39.31547889893686,0.010038753,12
cf7148d8-f058-11ee-b98a-fb353e7798cd,0.013450067,-82.46418633570303,1694543747057240672,39.31569580469015,0.01051917,10
cf7148d8-f058-11ee-b98a-fb353e7798cd,0.014203817,-82.4641242634198,1694543748051002331,39.315913283468426,0.0117988745,10
cf7148d8-f058-11ee-b98a-fb353e7798cd,0.013245656,-82.46405922398013,1694543749055378784,39.31613135533931,0.01193361,9
cf7148d8-f058-11ee-b98a-fb353e7798cd,0.014509903,-82.46399619492288,1694543750066175788,39.31634974634391,0.012009613,8
cf7148d8-f058-11ee-b98a-fb353e7798cd,0.013884776,-82.46393327351863,1694543751053519449,39.31656826965087,0.012136364,10
cf7148d8-f058-11ee-b98a-fb353e7798cd,0.013525723,-82.46386867485587,1694543752077160279,39.3167865230837,0.011468862,12
cf7148d8-f058-11ee-b98a-fb353e7798cd,0.013990678,-82.46380490378688,1694543753054075742,39.31700482464239,0.011658773,10
cf7148d8-f058-11ee-b98a-fb353e7798cd,0.014131783,-82.4637422382491,1694543754050696504,39.31722310559166,0.011752492,9
cf7148d8-f058-11ee-b98a-fb353e7798cd,0.012820408,-82.46367780794806,1694543755061592192,39.31744111868819,0.011705577,10
cf7148d8-f058-11ee-b98a-fb353e7798cd,0.013982048,-82.46361126150735,1694543756049469202,39.31765883247937,0.01153334,10
cf7148d8-f058-11ee-b98a-fb353e7798cd,0.015311128,-82.46354379332418,1694543757052938440,39.317876560529434,0.012364616,11
cf7148d8-f058-11ee-b98a-fb353e7798cd,0.01794174,-82.46347844793006,1694543758058694546,39.31809473739078,0.016981678,10
cf7148d8-f058-11ee-b98a-fb353e7798cd,0.017452579,-82.46341399364991,1694543759054278344,39.318313045673705,0.015894312,11
cf7148d8-f058-11ee-b98a-fb353e7798cd,0.0164757,-82.46334811949187,1694543760071149097,39.31853074822628,0.014152724,10
cf7148d8-f058-11ee-b98a-fb353e7798cd,0.016153457,-82.46328130486826,1694543761056773771,39.31874861872784,0.013448865,10
cf7148d8-f058-11ee-b98a-fb353e7798cd,0.016078549,-82.4632179343482,1694543762056941024,39.31896710629518,0.013854206,11
cf7148d8-f058-11ee-b98a-fb353e7798cd,0.015699325,-82.46315576702246,1694543763057774731,39.31918531114957,0.013437226,11
cf7148d8-f058-11ee-b98a-fb353e7798cd,0.015169813,-82.46309063237307,1694543764054771968,39.319402927972426,0.011480014,11
cf7148d8-f058-11ee-b98a-fb353e7798cd,0.0149370115,-82.46302514935353,1694543765058327941,39.319620547513836,0.011000106,12
cf7148d8-f058-11ee-b98a-fb353e7798cd,0.014842922,-82.46296134055444,1694543766052333856,39.319838500865046,0.010754538,12
cf7148d8-f058-11ee-b98a-fb353e7798cd,0.013456399,-82.46289777197204,1694543767049254565,39.320056219125995,0.010175951,12
cf7148d8-f058-11ee-b98a-fb353e7798cd,0.013721491,-82.4628329291817,1694543768074429989,39.32027358197917,0.01229202,10
cf7148d8-f058-11ee-b98a-fb353e7798cd,0.013666128,-82.46276805837478,1694543769055817992,39.32049069636653,0.012649036,10
cf7148d8-f058-11ee-b98a-fb353e7798cd,0.014884251,-82.46270413874505,1694543770061507244,39.32070779411772,0.012728401,12
cf7148d8-f058-11ee-b98a-fb353e7798cd,0.015351704,-82.46264055128356,1694543771052387315,39.320924887483315,0.0137315355,11
cf7148d8-f058-11ee-b98a-fb353e7798cd,0.01578798,-82.46257749976216,1694543772055566774,39.32114193908014,0.01380509,13
cf7148d8-f058-11ee-b98a-fb353e7798cd,0.015663797,-82.46251395008986,1694543773053100441,39.321358750329715,0.013443703,13
cf7148d8-f058-11ee-b98a-fb353e7798cd,0.0155555075,-82.46244922097878,1694543774069524377,39.32157516738746,0.013384509,13
cf7148d8-f058-11ee-b98a-fb353e7798cd,0.015225354,-82.46238422913846,1694543775050861932,39.32179162309304,0.011796068,14
cf7148d8-f058-11ee-b98a-fb353e7798cd,0.015026211,-82.4623202350048,1694543776060326318,39.32200824440354,0.011590616,14
cf7148d8-f058-11ee-b98a-fb353e7798cd,0.014265838,-82.4622580954814,1694543777050349684,39.32222550473631,0.010667801,14
cf7148d8-f058-11ee-b98a-fb353e7798cd,0.014323885,-82.46219395863884,1694543778053147741,39.322442665797034,0.010661754,14
cf7148d8-f058-11ee-b98a-fb353e7798cd,0.014302576,-82.46212784766402,1694543779071901967,39.32265974170948,0.0106717115,14
cf7148d8-f058-11ee-b98a-fb353e7798cd,0.014324092,-82.46206316144132,1694543780052333684,39.32287710562391,0.010529704,15
cf7148d8-f058-11ee-b98a-fb353e7798cd,0.014181446,-82.46199788385557,1694543781081946119,39.32309420890925,0.010492848,14
cf7148d8-f058-11ee-b98a-fb353e7798cd,0.014051009,-82.46193001230215,1694543782061016947,39.323310866240845,0.010407366,14
cf7148d8-f058-11ee-b98a-fb353e7798cd,0.014040165,-82.46186448240191,1694543783055113069,39.323528132667555,0.010534801,13
cf7148d8-f058-11ee-b98a-fb353e7798cd,0.013996384,-82.46180176615674,1694543784050346978,39.323745847714726,0.010399582,15
cf7148d8-f058-11ee-b98a-fb353e7798cd,0.015451384,-82.46173729320951,1694543785055909967,39.3239629968129,0.012859579,11
cf7148d8-f058-11ee-b98a-fb353e7798cd,0.018278051,-82.46167317755045,1694543786058052955,39.32418008762932,0.0170614,9
cf7148d8-f058-11ee-b98a-fb353e7798cd,0.022509523,-82.46161149571901,1694543787058282593,39.32439727859096,0.018844524,10
cf7148d8-f058-11ee-b98a-fb353e7798cd,0.020221949,-82.46154835992284,1694543788065879395,39.32461416112863,0.019792575,10
cf7148d8-f058-11ee-b98a-fb353e7798cd,0.020885402,-82.46148367486113,1694543789060656098,39.32483032942969,0.020213757,10
cf7148d8-f058-11ee-b98a-fb353e7798cd,0.019837666,-82.46141998033191,1694543790059762143,39.32504673104168,0.02112988,10
cf7148d8-f058-11ee-b98a-fb353e7798cd,0.018853173,-82.46135689515404,1694543791061778747,39.32526313680521,0.018977541,12
cf7148d8-f058-11ee-b98a-fb353e7798cd,0.014513164,-82.4612915949589,1694543792057892476,39.325478809006135,0.01391412,12
cf7148d8-f058-11ee-b98a-fb353e7798cd,0.016093396,-82.46122529999924,1694543793053629024,39.32569393105517,0.013283711,10
cf7148d8-f058-11ee-b98a-fb353e7798cd,0.015458951,-82.46115935175047,1694543794055091504,39.32590837387543,0.012276578,11
cf7148d8-f058-11ee-b98a-fb353e7798cd,0.015779441,-82.4610897266636,1694543795057608473,39.32612178466459,0.013006373,10
cf7148d8-f058-11ee-b98a-fb353e7798cd,0.015435018,-82.46101340427208,1694543796061566870,39.32633367742189,0.012297186,12
cf7148d8-f058-11ee-b98a-fb353e7798cd,0.013311601,-82.46093063290544,1694543797058453325,39.32654413710322,0.011895977,14
cf7148d8-f058-11ee-b98a-fb353e7798cd,0.013195553,-82.46084210474723,1694543798059669953,39.3267534815087,0.011881446,14
cf7148d8-f058-11ee-b98a-fb353e7798cd,0.012573443,-82.46074835086053,1694543799049233682,39.32696218200289,0.011583505,14
cf7148d8-f058-11ee-b98a-fb353e7798cd,0.012579404,-82.46065270509037,1694543800053797312,39.32717099791564,0.011143872,15
cf7148d8-f058-11ee-b98a-fb353e7798cd,0.012080607,-82.46055619271623,1694543801048171953,39.327380180510964,0.010089427,15
cf7148d8-f058-11ee-b98a-fb353e7798cd,0.012303534,-82.46045903358694,1694543802058563064,39.32758915975299,0.010540199,13
cf7148d8-f058-11ee-b98a-fb353e7798cd,0.012939733,-82.46036221085981,1694543803058489766,39.32779783688472,0.011700588,12
cf7148d8-f058-11ee-b98a-fb353e7798cd,0.0133608375,-82.46026888114888,1694543804047906562,39.328006812434225,0.01169493,14
cf7148d8-f058-11ee-b98a-fb353e7798cd,0.013706276,-82.46017887325644,1694543805048379052,39.32821616868031,0.01255322,13
cf7148d8-f058-11ee-b98a-fb353e7798cd,0.013686271,-82.46009469458436,1694543806059316248,39.32842645388502,0.011697422,13
cf7148d8-f058-11ee-b98a-fb353e7798cd,0.013698659,-82.4600225907802,1694543807050653247,39.32863892441255,0.011812977,11
cf7148d8-f058-11ee-b98a-fb353e7798cd,0.013874334,-82.4599621225586,1694543808047592388,39.32885295771246,0.012516719,11
cf7148d8-f058-11ee-b98a-fb353e7798cd,0.014087182,-82.4599092644756,1694543809057601953,39.32906805055241,0.013042358,11
cf7148d8-f058-11ee-b98a-fb353e7798cd,0.016433049,-82.45986338586259,1694543810054221763,39.32928378238698,0.01371933,10
cf7148d8-f058-11ee-b98a-fb353e7798cd,0.01641521,-82.45982639129384,1694543811062438812,39.32950066893158,0.013280186,11
cf7148d8-f058-11ee-b98a-fb353e7798cd,0.016035669,-82.45979453663315,1694543812065874465,39.32971794407465,0.012813447,12
cf7148d8-f058-11ee-b98a-fb353e7798cd,0.01577412,-82.45976098829667,1694543813048387550,39.32993293275203,0.012513318,11
cf7148d8-f058-11ee-b98a-fb353e7798cd,0.015659848,-82.45972699336322,1694543814053854908,39.330142904864864,0.012259263,12
cf7148d8-f058-11ee-b98a-fb353e7798cd,0.014777057,-82.45969653635586,1694543815053629793,39.33034345015274,0.011485837,11
cf7148d8-f058-11ee-b98a-fb353e7798cd,0.014582411,-82.45966748665276,1694543816053571363,39.33053133575076,0.011320674,12
cf7148d8-f058-11ee-b98a-fb353e7798cd,0.014028247,-82.4596347872156,1694543817052542502,39.330708887161926,0.0107759815,13
cf7148d8-f058-11ee-b98a-fb353e7798cd,0.013973218,-82.45960096635028,1694543818056876167,39.33087302140566,0.0106639955,13
cf7148d8-f058-11ee-b98a-fb353e7798cd,0.01511612,-82.45956519857098,1694543819063323434,39.331022889808956,0.010596104,11
cf7148d8-f058-11ee-b98a-fb353e7798cd,0.0145602655,-82.45952856857318,1694543820064385013,39.33115901011263,0.010796634,10
cf7148d8-f058-11ee-b98a-fb353e7798cd,0.014552754,-82.45949501112416,1694543821064134734,39.33128236297905,0.011297182,12
cf7148d8-f058-11ee-b98a-fb353e7798cd,0.014385688,-82.45946334399645,1694543822057609970,39.33139256982334,0.010791668,13
cf7148d8-f058-11ee-b98a-fb353e7798cd,0.013618024,-82.45942760862525,1694543823048971740,39.331488573378806,0.01039845,13
cf7148d8-f058-11ee-b98a-fb353e7798cd,0.013532979,-82.45938096845259,1694543824061829181,39.3315668533194,0.010249688,14
cf7148d8-f058-11ee-b98a-fb353e7798cd,0.0131466035,-82.4593202463006,1694543825051593408,39.33162509223432,0.010139147,14
cf7148d8-f058-11ee-b98a-fb353e7798cd,0.012007486,-82.45925030239779,1694543826050919341,39.331664336122664,0.0096206665,14
cf7148d8-f058-11ee-b98a-fb353e7798cd,0.012247991,-82.4591717217063,1694543827051224931,39.33168866081177,0.009771316,15
cf7148d8-f058-11ee-b98a-fb353e7798cd,0.013234097,-82.45907630518343,1694543828057646271,39.331703892706365,0.0097606415,15
cf7148d8-f058-11ee-b98a-fb353e7798cd,0.013427676,-82.45896205706796,1694543829072900260,39.331713040237496,0.009902652,12
cf7148d8-f058-11ee-b98a-fb353e7798cd,0.014654276,-82.45883356088822,1694543830065564212,39.331715841286666,0.0105773555,12
cf7148d8-f058-11ee-b98a-fb353e7798cd,0.021599319,-82.45868281986974,1694543831061383466,39.33171610638491,0.012377968,10
cf7148d8-f058-11ee-b98a-fb353e7798cd,0.032603063,-82.45851250202111,1694543832061860831,39.33172370129016,0.014896838,8
cf7148d8-f058-11ee-b98a-fb353e7798cd,0.069145195,-82.45833150356667,1694543833049451110,39.33174064197317,0.027265633,8
cf7148d8-f058-11ee-b98a-fb353e7798cd,0.07860156,-82.45813911595307,1694543834072996577,39.33176391337738,0.03329786,7
cf7148d8-f058-11ee-b98a-fb353e7798cd,0.067302056,-82.45793503830157,1694543835051250084,39.331788089264435,0.030633265,7
cf7148d8-f058-11ee-b98a-fb353e7798cd,0.063248724,-82.45772191380337,1694543836082039478,39.3318147152387,0.027882302,7
cf7148d8-f058-11ee-b98a-fb353e7798cd,0.084614806,-82.45750576622879,1694543837055516129,39.33184230248996,0.0866502,6
cf7148d8-f058-11ee-b98a-fb353e7798cd,0.24643208,-82.45740555912131,1694543838055467324,39.33185735642019,2.1351886,0
cf7148d8-f058-11ee-b98a-fb353e7798cd,2.0842116,-82.45707840303106,1694543839051757788,39.33190294764568,1.0554206,6
cf7148d8-f058-11ee-b98a-fb353e7798cd,2.294869,-82.45686191148675,1694543840049740211,39.3319383742957,1.191751,7
cf7148d8-f058-11ee-b98a-fb353e7798cd,2.0112214,-82.45664692765055,1694543841038621241,39.331962012554065,1.0605032,6
cf7148d8-f058-11ee-b98a-fb353e7798cd,2.300691,-82.45644067439606,1694543842059225885,39.33200240110213,1.1549937,6
cf7148d8-f058-11ee-b98a-fb353e7798cd,1.715479,-82.45623149098824,1694543843050124107,39.33202711023494,0.94409496,6
cf7148d8-f058-11ee-b98a-fb353e7798cd,1.708325,-82.45603226341971,1694543844050504215,39.33205601588099,0.9717343,7
cf7148d8-f058-11ee-b98a-fb353e7798cd,1.665269,-82.45584208292594,1694543845050584319,39.3320811813734,0.8629056,6
cf7148d8-f058-11ee-b98a-fb353e7798cd,1.6254572,-82.45565200605759,1694543846049654526,39.33210423750693,0.801758,7
cf7148d8-f058-11ee-b98a-fb353e7798cd,1.6205121,-82.45546554811202,1694543847058932162,39.33211502804828,0.8836738,8
cf7148d8-f058-11ee-b98a-fb353e7798cd,1.1711686,-82.45529831613345,1694543848059116220,39.33212104498157,0.8384988,8
cf7148d8-f058-11ee-b98a-fb353e7798cd,1.7999148,-82.45513248268361,1694543849060385634,39.3320810899563,1.1952721,7
cf7148d8-f058-11ee-b98a-fb353e7798cd,1.7904677,-82.4549676172039,1694543850055180232,39.332045896959265,1.1446038,6
cf7148d8-f058-11ee-b98a-fb353e7798cd,1.7960225,-82.45479741843523,1694543851053367301,39.33201537292337,1.1168247,7
cf7148d8-f058-11ee-b98a-fb353e7798cd,1.7784892,-82.45461731368896,1694543852073938460,39.33198820451224,1.0620644,7
cf7148d8-f058-11ee-b98a-fb353e7798cd,1.7677557,-82.45442488330758,1694543853059562732,39.33197147307998,1.0194979,6
cf7148d8-f058-11ee-b98a-fb353e7798cd,1.753069,-82.4542230365131,1694543854055784810,39.33195487067165,0.98054457,7
cf7148d8-f058-11ee-b98a-fb353e7798cd,1.9220033,-82.45402117605268,1694543855050177545,39.33193500242256,1.2554559,5
cf7148d8-f058-11ee-b98a-fb353e7798cd,1.4080802,-82.45381557912127,1694543856060312248,39.3319152319361,1.2686403,8
cf7148d8-f058-11ee-b98a-fb353e7798cd,1.308347,-82.4536218369957,1694543857041099536,39.33185860081489,0.93445706,9
cf7148d8-f058-11ee-b98a-fb353e7798cd,1.310074,-82.45342766764377,1694543858043131174,39.33179040073074,1.2489284,6
cf7148d8-f058-11ee-b98a-fb353e7798cd,1.3201468,-82.45322917613134,1694543859062071881,39.33172048356017,1.2545799,8
cf7148d8-f058-11ee-b98a-fb353e7798cd,1.2183542,-82.45302137193417,1694543860080423275,39.33166503723454,1.1135379,8
cf7148d8-f058-11ee-b98a-fb353e7798cd,1.5621719,-82.45282030485805,1694543861057919817,39.33160767486455,1.0037315,8
cf7148d8-f058-11ee-b98a-fb353e7798cd,1.5460942,-82.45260226879977,1694543862055714401,39.33156103245583,0.95297575,7
cf7148d8-f058-11ee-b98a-fb353e7798cd,1.5316092,-82.4523819073045,1694543863055943991,39.33151471823321,0.9381145,8
cf7148d8-f058-11ee-b98a-fb353e7798cd,1.2611053,-82.45216131953467,1694543864059325586,39.33146533627111,0.9093868,9
cf7148d8-f058-11ee-b98a-fb353e7798cd,1.7840751,-82.45195397053614,1694543865058930071,39.33141103513337,1.2224663,9
cf7148d8-f058-11ee-b98a-fb353e7798cd,2.606298,-82.45174813255912,1694543866053831292,39.33136813657386,0.90381503,9
cf7148d8-f058-11ee-b98a-fb353e7798cd,2.606614,-82.4515537679988,1694543867064544470,39.331306168609004,0.90392923,7
cf7148d8-f058-11ee-b98a-fb353e7798cd,2.6069658,-82.45136997296623,1694543868062080866,39.3312379266328,0.90400684,7
cf7148d8-f058-11ee-b98a-fb353e7798cd,1.946603,-82.45119709224646,1694543869051591198,39.33116357213956,1.022143,6
cf7148d8-f058-11ee-b98a-fb353e7798cd,2.0654094,-82.45103152997785,1694543870058279170,39.331106575888,1.1743139,6
cf7148d8-f058-11ee-b98a-fb353e7798cd,2.1871822,-82.45088014692884,1694543871071768916,39.331053696731104,1.2691283,6
cf7148d8-f058-11ee-b98a-fb353e7798cd,1.2318794,-82.4507272732751,1694543872061363945,39.33102547413454,0.84154767,8
cf7148d8-f058-11ee-b98a-fb353e7798cd,1.3080559,-82.45060802647211,1694543873053612674,39.33099682072692,1.1940702,6
cf7148d8-f058-11ee-b98a-fb353e7798cd,2.301531,-82.4504962462813,1694543874050395260,39.33096576063748,1.0356553,6
cf7148d8-f058-11ee-b98a-fb353e7798cd,1.8020002,-82.45038315672197,1694543875055619060,39.330967489071234,0.7919226,8
cf7148d8-f058-11ee-b98a-fb353e7798cd,1.3428334,-82.45028083398108,1694543876057560971,39.330963771343896,0.76944906,8
cf7148d8-f058-11ee-b98a-fb353e7798cd,1.2891363,-82.45018511179059,1694543877058304104,39.3309565666654,0.74568886,8
cf7148d8-f058-11ee-b98a-fb353e7798cd,1.2427042,-82.45010235299357,1694543878050060921,39.330942364738284,0.73817915,9
cf7148d8-f058-11ee-b98a-fb353e7798cd,1.3330501,-82.45003422968566,1694543879061885333,39.3309157220503,0.7645913,10
cf7148d8-f058-11ee-b98a-fb353e7798cd,1.2740613,-82.4499727078174,1694543880057651518,39.33088131869998,0.7586991,10
cf7148d8-f058-11ee-b98a-fb353e7798cd,1.1792586,-82.449925684167,1694543881065766449,39.33083921329216,0.72913754,12
cf7148d8-f058-11ee-b98a-fb353e7798cd,1.1128277,-82.44989887956739,1694543882066350126,39.33079022011471,0.7075231,11
cf7148d8-f058-11ee-b98a-fb353e7798cd,0.013538481,-82.44989301533359,1694543883057707399,39.330727272001894,0.008728026,11
cf7148d8-f058-11ee-b98a-fb353e7798cd,0.02013269,-82.44990175997724,1694543884057134501,39.330640936171754,0.013788417,11
cf7148d8-f058-11ee-b98a-fb353e7798cd,0.022085734,-82.44991508296582,1694543885058050941,39.33054000348701,0.017122766,10
cf7148d8-f058-11ee-b98a-fb353e7798cd,0.022973662,-82.44992438700329,1694543886047343796,39.33042865294612,0.01751101,10
cf7148d8-f058-11ee-b98a-fb353e7798cd,0.024875015,-82.44993244420701,1694543887058553182,39.33030988658524,0.019091824,9
cf7148d8-f058-11ee-b98a-fb353e7798cd,0.032150075,-82.44994199401503,1694543888047008826,39.33018372760831,0.04040169,9
cf7148d8-f058-11ee-b98a-fb353e7798cd,0.03125205,-82.44995278551934,1694543889051328224,39.33005330820915,0.042534806,8
cf7148d8-f058-11ee-b98a-fb353e7798cd,0.039866,-82.44996214224608,1694543890058763160,39.329921650674095,0.05677639,7
cf7148d8-f058-11ee-b98a-fb353e7798cd,0.115136586,-82.4499686154833,1694543891046847439,39.329791063465024,0.2873322,6
cf7148d8-f058-11ee-b98a-fb353e7798cd,0.18465151,-82.44997329253486,1694543892050826708,39.329657563941595,0.53693753,4
cf7148d8-f058-11ee-b98a-fb353e7798cd,0.19163212,-82.44997315466993,1694543893049862261,39.329637331547985,0.5620942,0
cf7148d8-f058-11ee-b98a-fb353e7798cd,1.1356753,-82.44993943498464,1694543894049883765,39.32938407179279,1.4575251,6
cf7148d8-f058-11ee-b98a-fb353e7798cd,1.8697548,-82.44989262239329,1694543895047972997,39.32925054914036,1.6959069,5
cf7148d8-f058-11ee-b98a-fb353e7798cd,1.9322448,-82.44982447385043,1694543896049928284,39.32912557504603,1.6627567,5
cf7148d8-f058-11ee-b98a-fb353e7798cd,1.9215158,-82.44975340616966,1694543897181941116,39.32900947614751,1.660894,7
cf7148d8-f058-11ee-b98a-fb353e7798cd,1.5559096,-82.44964401900677,1694543898049250893,39.328900397739986,1.6655266,6
cf7148d8-f058-11ee-b98a-fb353e7798cd,1.8727798,-82.44952685489761,1694543899049455418,39.32875862005635,1.3749552,6
cf7148d8-f058-11ee-b98a-fb353e7798cd,1.8831425,-82.44941272429634,1694543900057586628,39.32862584904256,1.409287,5
cf7148d8-f058-11ee-b98a-fb353e7798cd,1.8305935,-82.44931020290143,1694543901047010285,39.32848937179566,1.2149961,5
cf7148d8-f058-11ee-b98a-fb353e7798cd,1.906485,-82.44922888052398,1694543902061374126,39.32834100539235,1.4541254,5
cf7148d8-f058-11ee-b98a-fb353e7798cd,1.8902833,-82.44915974496968,1694543903049540332,39.32818931979387,1.4181823,7
cf7148d8-f058-11ee-b98a-fb353e7798cd,1.7680647,-82.4490860754899,1694543904045651724,39.32804594330918,1.3696433,5
cf7148d8-f058-11ee-b98a-fb353e7798cd,1.7187088,-82.44901692499094,1694543905055002990,39.32790039088151,1.394068,8
cf7148d8-f058-11ee-b98a-fb353e7798cd,1.5573637,-82.44896206822338,1694543906070157427,39.32775306387399,1.1751878,8
cf7148d8-f058-11ee-b98a-fb353e7798cd,1.4990855,-82.44889901375501,1694543907060299555,39.32761545001113,1.0207185,9
cf7148d8-f058-11ee-b98a-fb353e7798cd,1.4097275,-82.44882729206851,1694543908050406991,39.32748990232232,1.1355782,12
cf7148d8-f058-11ee-b98a-fb353e7798cd,1.2731647,-82.44877372911459,1694543909059180111,39.32736741928827,0.897809,13
cf7148d8-f058-11ee-b98a-fb353e7798cd,1.2017481,-82.44872217274674,1694543910056853831,39.32724707672414,0.85896266,14
cf7148d8-f058-11ee-b98a-fb353e7798cd,1.1467615,-82.44867595106224,1694543911066656732,39.32712608175112,0.7567962,14
cf7148d8-f058-11ee-b98a-fb353e7798cd,1.1091608,-82.44862440092797,1694543912063161816,39.327016185112214,0.83311784,12
cf7148d8-f058-11ee-b98a-fb353e7798cd,1.0502739,-82.44855609793457,1694543913055247478,39.32691641412489,0.79234105,13
cf7148d8-f058-11ee-b98a-fb353e7798cd,0.011898486,-82.44847023441658,1694543914050132505,39.32683649867301,0.0107568195,14
cf7148d8-f058-11ee-b98a-fb353e7798cd,0.011806781,-82.44836861704782,1694543915049462195,39.326771078310294,0.010214369,14
cf7148d8-f058-11ee-b98a-fb353e7798cd,0.010218908,-82.44825572406984,1694543916051357233,39.326725412515756,0.009729311,14
cf7148d8-f058-11ee-b98a-fb353e7798cd,0.01003371,-82.44813342277959,1694543917055629072,39.326695856419626,0.009559206,14
cf7148d8-f058-11ee-b98a-fb353e7798cd,0.011016199,-82.44799886996748,1694543918065763067,39.32668116342035,0.009709009,14
cf7148d8-f058-11ee-b98a-fb353e7798cd,0.010317034,-82.4478439056285,1694543919050345989,39.3266809046952,0.008278975,15
cf7148d8-f058-11ee-b98a-fb353e7798cd,0.010922938,-82.44766229903779,1694543920054704174,39.326694244422306,0.0082095545,15
cf7148d8-f058-11ee-b98a-fb353e7798cd,0.01096062,-82.44747028710937,1694543921054895258,39.32671573259583,0.007973574,16
cf7148d8-f058-11ee-b98a-fb353e7798cd,0.010856962,-82.44726868068243,1694543922059312137,39.32674038194173,0.0077950987,16
cf7148d8-f058-11ee-b98a-fb353e7798cd,0.010864692,-82.44705723419635,1694543923057932038,39.32676611698964,0.007815565,16
cf7148d8-f058-11ee-b98a-fb353e7798cd,0.0108234845,-82.44683948896551,1694543924064007244,39.326791752591895,0.007796744,15
cf7148d8-f058-11ee-b98a-fb353e7798cd,0.010097838,-82.44661677417494,1694543925047992864,39.32681619548899,0.0075394455,16
cf7148d8-f058-11ee-b98a-fb353e7798cd,0.010183673,-82.4463912124728,1694543926050032965,39.32684095755073,0.007549563,16
cf7148d8-f058-11ee-b98a-fb353e7798cd,0.010142077,-82.44616276834122,1694543927058812906,39.326865158593456,0.007502574,16
cf7148d8-f058-11ee-b98a-fb353e7798cd,0.010154928,-82.44593218981704,1694543928048859354,39.326889645817644,0.007548275,16
cf7148d8-f058-11ee-b98a-fb353e7798cd,0.010153139,-82.44570058586034,1694543929051036741,39.32691427173487,0.007522209,16
cf7148d8-f058-11ee-b98a-fb353e7798cd,0.010135695,-82.44546872649607,1694543930050092666,39.32693995152835,0.007487727,16
cf7148d8-f058-11ee-b98a-fb353e7798cd,0.010080387,-82.44523643921949,1694543931048385560,39.32696515870783,0.007450844,16
cf7148d8-f058-11ee-b98a-fb353e7798cd,0.010031234,-82.44500375656366,1694543932052996322,39.3269896920287,0.0074143903,16
cf7148d8-f058-11ee-b98a-fb353e7798cd,0.009987233,-82.44477088569839,1694543933072130705,39.327014498381935,0.007371489,16
cf7148d8-f058-11ee-b98a-fb353e7798cd,0.010158091,-82.44453867430504,1694543934053612078,39.3270403440437,0.0078012813,16
cf7148d8-f058-11ee-b98a-fb353e7798cd,0.010078739,-82.44430701229332,1694543935049541491,39.32706560998872,0.0076510236,16
cf7148d8-f058-11ee-b98a-fb353e7798cd,0.0099302605,-82.44407612174783,1694543936056512408,39.32709062696082,0.0074261487,16
cf7148d8-f058-11ee-b98a-fb353e7798cd,0.009994453,-82.44384566804821,1694543937062952311,39.327116046946394,0.007843361,16
cf7148d8-f058-11ee-b98a-fb353e7798cd,0.010174405,-82.44361321289163,1694543938054550558,39.32713851350952,0.00789645,15
cf7148d8-f058-11ee-b98a-fb353e7798cd,0.010552676,-82.44337872731482,1694543939051660098,39.32715465538038,0.0078039756,14
cf7148d8-f058-11ee-b98a-fb353e7798cd,0.010743282,-82.44314265478998,1694543940058928755,39.32716586494581,0.007960601,15
cf7148d8-f058-11ee-b98a-fb353e7798cd,0.01474558,-82.44290593913685,1694543941065524844,39.32717451731604,0.008149472,15
cf7148d8-f058-11ee-b98a-fb353e7798cd,0.014401402,-82.44266980148001,1694543942056806631,39.32718181654892,0.008138778,15
cf7148d8-f058-11ee-b98a-fb353e7798cd,0.013084336,-82.4424404939293,1694543943061540194,39.3271869564875,0.007847623,15
cf7148d8-f058-11ee-b98a-fb353e7798cd,0.011528119,-82.44222250140494,1694543944048824220,39.32719094835101,0.007654839,15
cf7148d8-f058-11ee-b98a-fb353e7798cd,0.011380989,-82.44201070307341,1694543945060666747,39.327195488935885,0.0078903735,15
cf7148d8-f058-11ee-b98a-fb353e7798cd,0.010992298,-82.44180518248523,1694543946058110218,39.32720012580441,0.0077176844,15
cf7148d8-f058-11ee-b98a-fb353e7798cd,0.0106766615,-82.4416064356535,1694543947047910735,39.32720641242245,0.0075285835,15
cf7148d8-f058-11ee-b98a-fb353e7798cd,0.011120127,-82.44141650993659,1694543948047631094,39.32721408886268,0.007469613,15
cf7148d8-f058-11ee-b98a-fb353e7798cd,0.010835938,-82.44123249059473,1694543949049837343,39.32722301171518,0.007397202,15
cf7148d8-f058-11ee-b98a-fb353e7798cd,0.010861991,-82.44105390672685,1694543950058136188,39.3272326933706,0.0074478905,15
cf7148d8-f058-11ee-b98a-fb353e7798cd,0.010656287,-82.44088107043963,1694543951050850603,39.327241752618,0.007476879,16
cf7148d8-f058-11ee-b98a-fb353e7798cd,0.010402904,-82.44071485890231,1694543952061619151,39.32724657841356,0.0074540665,16
cf7148d8-f058-11ee-b98a-fb353e7798cd,0.010342553,-82.44055725038538,1694543953049560025,39.32723891261494,0.0074706757,16
cf7148d8-f058-11ee-b98a-fb353e7798cd,0.010003882,-82.44041102652442,1694543954069990399,39.32721676549293,0.0077428296,16
cf7148d8-f058-11ee-b98a-fb353e7798cd,0.013106472,-82.44027675753549,1694543955066308943,39.327177749323255,0.00784781,16
cf7148d8-f058-11ee-b98a-fb353e7798cd,0.013018092,-82.44015537329076,1694543956050520894,39.32712280914795,0.0077123186,16
cf7148d8-f058-11ee-b98a-fb353e7798cd,0.011612899,-82.44004890675343,1694543957448924907,39.32705555660212,0.007965687,15
cf7148d8-f058-11ee-b98a-fb353e7798cd,0.014786332,-82.43995666822653,1694543958054271080,39.32698432272066,0.008369777,14
cf7148d8-f058-11ee-b98a-fb353e7798cd,0.018507265,-82.43987225049328,1694543959053610362,39.326914078176245,0.010892842,11
cf7148d8-f058-11ee-b98a-fb353e7798cd,0.013453122,-82.43978789758712,1694543960057604875,39.326852525817195,0.010320229,14
cf7148d8-f058-11ee-b98a-fb353e7798cd,0.012147938,-82.43969934082482,1694543961066868230,39.326804989870325,0.009929071,14
cf7148d8-f058-11ee-b98a-fb353e7798cd,0.0216538,-82.43960622790878,1694543962062701436,39.32677153288033,0.012675901,14
cf7148d8-f058-11ee-b98a-fb353e7798cd,0.024487782,-82.4395070180076,1694543963071309445,39.32675161978324,0.014469355,12
cf7148d8-f058-11ee-b98a-fb353e7798cd,0.026888143,-82.4394053777903,1694543964073716242,39.32674483555159,0.013332241,12
cf7148d8-f058-11ee-b98a-fb353e7798cd,0.025677802,-82.43930482520999,1694543965082063708,39.32675191097734,0.012415878,14
cf7148d8-f058-11ee-b98a-fb353e7798cd,0.024581447,-82.43920865101839,1694543966057665253,39.32677168420509,0.011725339,14
cf7148d8-f058-11ee-b98a-fb353e7798cd,0.023656582,-82.43912004033244,1694543967062550899,39.326802592371386,0.011261912,14
cf7148d8-f058-11ee-b98a-fb353e7798cd,0.018726539,-82.43903921355174,1694543968061720908,39.326835394722984,0.010933119,14
cf7148d8-f058-11ee-b98a-fb353e7798cd,0.018508896,-82.43896593529642,1694543969058354075,39.32686449546591,0.0107027665,15
cf7148d8-f058-11ee-b98a-fb353e7798cd,0.017479716,-82.43889764711484,1694543970053433860,39.32688579144045,0.010629401,15
cf7148d8-f058-11ee-b98a-fb353e7798cd,0.016890723,-82.4388355087244,1694543971060549424,39.32690028924954,0.01062345,16
cf7148d8-f058-11ee-b98a-fb353e7798cd,0.015398455,-82.43877956058108,1694543972066896883,39.32690955901988,0.0101040155,16
cf7148d8-f058-11ee-b98a-fb353e7798cd,0.015041537,-82.43872946607688,1694543973054269247,39.326914731370685,0.009984299,16
